city,mois,productid_phare,total_ventes,quantite_vendue
Fairfield,1,FUR-TA-10002903,-15.5826,1
Atlanta,1,OFF-BI-10003527,635.495,1
Oakland,1,OFF-AR-10003696,10.0282,1
Rome,2,FUR-CH-10004218,15.147,1
Rochester,2,TEC-PH-10002584,187.797,1
Hot Springs,2,TEC-AC-10000927,2.999,1
Carrollton,2,TEC-AC-10002076,-2.994,1
Waco,3,OFF-BI-10004022,-0.9452,1
Pompano Beach,3,OFF-AP-10001242,8.048,1
Pueblo,3,OFF-AR-10002399,0.8946,1
Evanston,3,TEC-PH-10000004,0.8994,1
Dearborn Heights,3,FUR-CH-10000785,47.0548,1
Littleton,3,FUR-BO-10002202,-98.8018,1
Aurora,3,TEC-PH-10004700,2.5974,1
Asheville,3,OFF-ST-10002301,-3.8646,1
Norwich,3,OFF-PA-10004156,5.5566,1
Glendale,3,OFF-ST-10001272,6.5435,1
Orange,4,OFF-LA-10004055,2.4059,1
Farmington,4,OFF-SU-10004498,0.3864,1
Santa Barbara,4,OFF-FA-10002676,0.6516,1
Daytona Beach,4,OFF-AR-10004757,0.4264,1
Lewiston,4,OFF-BI-10004817,3.3544,1
Riverside,4,OFF-BI-10003355,1.3944,1
Bristol,4,OFF-BI-10003650,-115.7156,1
Philadelphia,4,OFF-ST-10000142,33.2704,1
Tigard,5,TEC-PH-10001619,17.6391,1
Bellevue,5,FUR-FU-10003849,7.8936,1
Florence,5,OFF-PA-10001526,2.4402,1
Plano,5,TEC-PH-10003811,9.5992,1
Park Ridge,5,TEC-PH-10001817,25.06,1
Lakewood,5,TEC-MA-10003176,38.61,1
Tampa,6,TEC-AC-10002718,-0.7295,1
Chattanooga,6,TEC-MA-10003493,-1.8295,1
East Point,6,OFF-BI-10004519,74.691,1
Atlanta,6,TEC-PH-10004434,39.4255,1
Bakersfield,6,OFF-PA-10004000,2.3177,1
Lancaster,6,FUR-FU-10001473,1.7591,1
Peoria,6,FUR-CH-10001394,35.099,1
Mesquite,6,OFF-PA-10003953,1.8144,1
Waynesboro,6,TEC-PH-10002033,74.0532,1
Murray,7,OFF-AR-10001044,7.5371,1
Indianapolis,7,OFF-BI-10003656,78.1954,1
Miami,7,FUR-CH-10000155,23.924,1
Springfield,7,OFF-ST-10000078,47.7306,1
Fairfield,7,OFF-PA-10000791,1.1925,1
Austin,7,TEC-PH-10002496,15.599,1
Buffalo,7,FUR-CH-10002647,10.647,1
Bowling Green,7,FUR-CH-10000988,39.4268,1
Jacksonville,8,TEC-AC-10004571,21.9978,1
Chandler,8,OFF-PA-10003395,29.358,1
Des Moines,8,OFF-PA-10000029,3.1104,1
Boise,8,OFF-BI-10004970,1.1151,1
Tampa,8,OFF-EN-10004030,0.9774,1
Hampton,8,OFF-BI-10001359,421.5853,1
Loveland,8,OFF-EN-10001141,3.1842,1
Utica,8,TEC-AC-10000736,28.7964,1
Trenton,8,TEC-CO-10001571,274.995,1
Mesquite,9,OFF-BI-10003460,-1.4016,1
Dublin,9,TEC-AC-10002558,1.7055,1
Brownsville,9,OFF-SU-10001935,-0.3488,1
Huntington Beach,9,OFF-EN-10002500,5.751,1
Chandler,9,FUR-TA-10004607,-45.8273,1
Garland,9,OFF-AR-10000380,3.798,1
Cleveland,9,OFF-AP-10003849,17.891,1
Murfreesboro,9,OFF-PA-10004665,3.799,1
Watertown,9,OFF-AP-10001303,8.955,1
Iowa City,9,OFF-PA-10004022,4.4955,1
Tamarac,9,OFF-BI-10003166,-2.5256,1
Austin,10,OFF-ST-10004507,1.2005,1
Clinton,10,FUR-FU-10000076,8.5914,1
Glendale,10,OFF-BI-10003984,-6.5619,1
Perth Amboy,10,OFF-BI-10004584,148.5106,1
Hollywood,10,OFF-ST-10000876,0.9952,1
Reno,10,OFF-FA-10000254,0.0,1
Lancaster,10,TEC-PH-10001433,-13.3341,1
Fremont,10,OFF-PA-10000994,50.328,1
Mesa,10,OFF-PA-10004039,16.2342,1
Hillsboro,10,FUR-FU-10000629,3.0338,1
Denver,10,TEC-CO-10001571,164.997,1
Hampton,10,FUR-CH-10000847,75.6548,1
Modesto,10,TEC-PH-10001700,4.6193,1
Redondo Beach,10,OFF-EN-10001219,3.7436,1
Jupiter,11,OFF-AR-10002335,0.1548,1
Farmington,11,TEC-AC-10003911,54.3966,1
Laredo,11,OFF-LA-10002312,4.44,1
Elyria,11,OFF-BI-10002949,-1.3984,1
Scottsdale,11,TEC-PH-10002483,23.7993,1
Auburn,11,FUR-FU-10004270,1.5048,1
Coachella,11,TEC-AC-10004171,43.9956,1
Port Arthur,11,TEC-CO-10001571,164.997,1
Medford,11,OFF-PA-10000241,7.745,1
Murfreesboro,11,FUR-FU-10001967,0.9995,1
Renton,11,TEC-MA-10002073,103.9992,1
Garden City,11,OFF-ST-10003123,7.9896,1
Odessa,11,OFF-AP-10002311,-24.7716,1
Homestead,11,OFF-PA-10001977,15.5344,1
Roseville,11,TEC-CO-10001571,274.995,1
Asheville,11,OFF-AP-10001205,4.3584,1
Spokane,11,FUR-TA-10004767,20.5842,1
Sacramento,11,FUR-FU-10003731,2.7944,1
Everett,12,OFF-BI-10003314,1.3978,1
Hickory,12,TEC-PH-10002890,2.7144,1
Medina,12,FUR-TA-10004086,-15.4764,1
Port Orange,12,OFF-EN-10002621,2.934,1
Redmond,12,FUR-FU-10002878,4.8416,1
Lindenhurst,12,OFF-PA-10004071,26.6304,1
Greensboro,12,OFF-AR-10003903,2.4582,1
Rapid City,1,FUR-BO-10004409,39.7488,2
Medina,1,OFF-LA-10004544,8.88,2
Keller,1,OFF-LA-10003714,2.1,2
Raleigh,1,TEC-PH-10004080,10.8784,2
Tucson,1,TEC-AC-10001874,11.998,2
Toledo,1,FUR-FU-10002445,3.792,2
Waterbury,1,OFF-AR-10001545,1.0208,2
Houston,1,OFF-PA-10000174,5.5512,2
Dover,1,FUR-FU-10000010,3.0814,2
Gaithersburg,1,TEC-PH-10000455,67.2742,2
Detroit,1,TEC-MA-10000822,679.996,2
Baytown,1,OFF-PA-10001937,3.6288,2
Austin,1,TEC-AC-10003628,14.3952,2
Quincy,1,OFF-PA-10004675,5.842,2
Atlantic City,1,OFF-EN-10003134,11.68,2
San Jose,1,OFF-BI-10004318,89.9548,2
Lawrence,1,OFF-AR-10003183,2.004,2
Belleville,2,FUR-CH-10001545,36.4736,2
Sierra Vista,2,FUR-FU-10002088,3.9512,2
Long Beach,2,OFF-LA-10003510,28.0876,2
Laguna Niguel,2,FUR-BO-10004015,16.7986,2
Columbia,2,OFF-BI-10003527,1270.99,2
Troy,2,FUR-FU-10004973,8.2896,2
Romeoville,2,OFF-BI-10001196,-14.7708,2
Escondido,2,OFF-BI-10003676,6.0368,2
Concord,2,FUR-CH-10000225,-24.294,2
Cincinnati,2,OFF-ST-10001490,35.694,2
Kenosha,2,TEC-PH-10000560,195.9944,2
Mission Viejo,2,FUR-BO-10003966,3.4196,2
North Las Vegas,2,FUR-FU-10002111,5.5328,2
Costa Mesa,2,TEC-PH-10003645,19.3932,2
Lancaster,2,OFF-PA-10003465,10.6232,2
Providence,2,TEC-PH-10003800,1.0598,2
Rockville,2,TEC-PH-10002890,23.5248,2
Garden City,2,OFF-PA-10000791,4.293,2
Dallas,2,TEC-AC-10001266,6.5,2
Nashville,2,OFF-PA-10004996,5.5674,2
Waynesboro,3,OFF-AP-10004540,44.8896,2
Oklahoma City,3,OFF-EN-10004206,149.8956,2
Cleveland,3,OFF-AR-10000475,1.6324,2
Denver,3,TEC-PH-10003535,13.9986,2
Portage,3,OFF-AR-10003478,6.512,2
Beaumont,3,OFF-ST-10002352,0.9576,2
Bethlehem,3,FUR-FU-10003247,-5.4548,2
Fairfield,3,OFF-AP-10001564,120.9416,2
Middletown,3,TEC-AC-10002842,38.08,2
Huntington Beach,3,OFF-PA-10001204,4.752,2
Green Bay,3,FUR-FU-10003724,4.3524,2
Vineland,3,FUR-TA-10001095,-31.3722,2
Charlotte,3,OFF-LA-10001641,1.764,2
North Las Vegas,3,TEC-AC-10001013,19.3314,2
Rochester,3,OFF-BI-10001071,62.7004,2
Lakeville,3,OFF-AP-10001154,36.5742,2
Apple Valley,3,OFF-ST-10001511,6.465,2
Monroe,3,OFF-PA-10003953,6.2208,2
Royal Oak,3,OFF-PA-10002259,10.7424,2
Lancaster,3,OFF-BI-10000014,5.8914,2
Eagan,3,TEC-AC-10000171,19.7714,2
Chester,3,FUR-FU-10003535,11.5164,2
Logan,3,OFF-BI-10003007,20.1656,2
Raleigh,3,TEC-PH-10002415,29.495,2
Chicago,3,TEC-CO-10001449,335.9944,2
Arlington,3,OFF-ST-10000649,7.85,2
San Francisco,3,TEC-CO-10003763,377.9946,2
Thousand Oaks,3,TEC-PH-10000376,1.1988,2
Coral Springs,3,OFF-AP-10002287,0.5244,2
Lakeland,3,TEC-AC-10002647,53.2,2
Malden,3,OFF-AR-10000588,10.3168,2
Virginia Beach,4,FUR-FU-10003192,46.1968,2
Saint Charles,4,FUR-FU-10001602,-31.8612,2
Waynesboro,4,TEC-PH-10002033,148.1064,2
Dover,4,TEC-PH-10000376,5.1948,2
Revere,4,OFF-BI-10000145,3.0576,2
New Brunswick,4,OFF-FA-10000624,3.58,2
Greeley,4,OFF-EN-10003134,7.008,2
Amarillo,4,FUR-BO-10002824,-36.2352,2
Memphis,4,FUR-CH-10001394,70.198,2
Jefferson City,4,FUR-FU-10003975,8.662,2
Clarksville,4,TEC-AC-10002473,11.9196,2
Jamestown,4,TEC-AC-10000736,57.5928,2
Kissimmee,4,TEC-PH-10002624,84.5982,2
Lansing,4,TEC-CO-10004202,209.993,2
Vallejo,4,OFF-LA-10002312,14.8,2
Lafayette,4,TEC-AC-10002926,42.9914,2
Carrollton,4,OFF-AP-10002578,-52.8336,2
Sacramento,4,OFF-BI-10000773,4.3308,2
Mobile,4,FUR-FU-10004415,2.7776,2
Lodi,4,OFF-AR-10002987,16.2688,2
Chicago,4,OFF-AR-10001683,3.546,2
Lake Charles,4,FUR-CH-10002304,12.99,2
Elmhurst,4,OFF-PA-10001560,3.2616,2
York,4,OFF-PA-10001033,23.7742,2
Apopka,5,OFF-BI-10001757,-2.1648,2
West Jordan,5,OFF-ST-10000107,9.99,2
Trenton,5,OFF-BI-10002225,19.8144,2
Arlington,5,FUR-CH-10003746,179.7488,2
Franklin,5,OFF-AP-10000358,2.3364,2
Wilmington,5,OFF-BI-10000848,-2.6256,2
Lafayette,5,FUR-BO-10000330,33.8744,2
Mcallen,5,OFF-ST-10004835,0.6696,2
Middletown,5,FUR-FU-10001473,9.8856,2
Saint Petersburg,5,FUR-FU-10004306,23.316,2
Hialeah,5,OFF-FA-10002815,2.3976,2
Coral Springs,5,OFF-LA-10004409,1.4976,2
Irving,5,OFF-LA-10000973,1.764,2
Haltom City,5,TEC-AC-10003095,36.3972,2
Port Saint Lucie,5,OFF-BI-10004140,-2.245,2
Lorain,5,OFF-PA-10002581,15.49,2
Portland,5,TEC-PH-10002200,38.7792,2
Warwick,5,OFF-PA-10000565,54.8604,2
Lakeland,5,TEC-CO-10004202,89.997,2
Oceanside,5,OFF-PA-10000520,6.2208,2
Wichita,5,OFF-BI-10001718,60.1412,2
Decatur,5,TEC-PH-10002660,33.995,2
Westminster,5,OFF-AP-10002684,72.948,2
Little Rock,5,OFF-PA-10001497,53.8608,2
Owensboro,5,OFF-PA-10001952,21.0128,2
Aurora,5,OFF-AR-10004602,3.6784,2
San Marcos,5,OFF-PA-10000289,3.6288,2
Parker,5,FUR-CH-10001215,50.098,2
Harrisonburg,5,TEC-AC-10000521,6.924,2
Cincinnati,5,TEC-CO-10001046,69.999,2
Fort Worth,5,TEC-AC-10001465,7.264,2
Richmond,5,OFF-PA-10001363,11.5432,2
Bolingbrook,6,TEC-PH-10003505,16.704,2
Newark,6,OFF-ST-10001496,93.6988,2
Omaha,6,TEC-PH-10004667,72.8946,2
Midland,6,OFF-EN-10004459,7.4872,2
Royal Oak,6,OFF-PA-10000304,6.2208,2
Saint Charles,6,OFF-PA-10000528,4.752,2
Taylor,6,TEC-AC-10004708,8.799,2
Lorain,6,OFF-ST-10004507,2.401,2
Roswell,6,OFF-ST-10001490,107.082,2
Lewiston,6,TEC-AC-10003657,14.9556,2
Boca Raton,6,TEC-AC-10000521,2.308,2
Auburn,6,OFF-AR-10001919,1.0904,2
Marion,6,TEC-AC-10004469,19.176,2
Huntsville,6,TEC-AC-10000303,10.3974,2
Skokie,6,OFF-PA-10001892,4.4312,2
Lakeland,6,OFF-ST-10001780,51.8312,2
Plano,6,TEC-PH-10000369,20.1584,2
Tallahassee,6,TEC-MA-10002178,-27.828,2
Frankfort,6,OFF-PA-10003134,26.9024,2
Rochester,6,OFF-BI-10000545,456.588,2
Tucson,6,FUR-FU-10001731,0.9612,2
Florence,6,FUR-CH-10000665,90.588,2
West Palm Beach,6,TEC-PH-10002844,4.1988,2
Anaheim,6,OFF-ST-10001780,310.9872,2
Norwich,6,OFF-BI-10004040,5.0764,2
Dover,6,TEC-PH-10003988,6.104,2
El Paso,6,OFF-PA-10001952,11.8768,2
Mesa,7,FUR-CH-10004287,49.716,2
Holland,7,OFF-PA-10002120,53.8608,2
Maple Grove,7,OFF-BI-10004600,331.191,2
Bakersfield,7,FUR-BO-10003159,-13.7976,2
Tampa,7,OFF-AP-10003266,6.5164,2
Overland Park,7,OFF-ST-10001496,93.6988,2
Mission Viejo,7,OFF-ST-10000585,85.904,2
Rome,7,TEC-PH-10004536,67.495,2
Providence,7,OFF-PA-10000289,6.2208,2
Deltona,7,TEC-PH-10004586,71.99,2
Memphis,7,FUR-FU-10001591,5.368,2
Woodstock,7,OFF-AR-10003759,0.91,2
Fayetteville,7,FUR-FU-10003829,0.7392,2
Lowell,7,OFF-PA-10000249,11.5432,2
Bristol,7,TEC-PH-10000895,93.5948,2
Omaha,7,TEC-PH-10004100,10.0744,2
El Cajon,7,FUR-CH-10000155,47.848,2
Phoenix,7,FUR-CH-10004218,10.098,2
Allentown,7,FUR-FU-10002456,3.3488,2
Plainfield,7,TEC-PH-10002923,19.9746,2
Great Falls,7,OFF-BI-10001759,2.2098,2
Philadelphia,7,TEC-AC-10003033,85.787,2
Highland Park,7,TEC-PH-10001557,13.4386,2
North Las Vegas,7,TEC-PH-10001363,113.998,2
Wilmington,7,TEC-PH-10001817,193.32,2
Orem,7,OFF-AR-10004602,12.8744,2
Chicago,7,TEC-PH-10002584,125.198,2
New Rochelle,7,OFF-BI-10002103,4.5188,2
Holyoke,7,FUR-BO-10002824,60.392,2
San Bernardino,7,OFF-BI-10003719,12.974,2
Billings,8,OFF-BI-10002799,2.6936,2
West Allis,8,FUR-BO-10001337,24.196,2
Allentown,8,OFF-PA-10003625,15.49,2
Greenville,8,OFF-SU-10002573,3.506,2
Irving,8,OFF-SU-10003505,-34.758,2
Salinas,8,OFF-BI-10002735,18.5274,2
Oceanside,8,FUR-FU-10004586,6.3744,2
Texas City,8,FUR-TA-10001307,41.934,2
Bolingbrook,8,OFF-PA-10000809,3.6288,2
Saint Charles,8,OFF-PA-10001846,5.6644,2
Oklahoma City,8,OFF-PA-10003270,4.752,2
Amarillo,8,OFF-PA-10000249,6.6312,2
Kenner,8,TEC-AC-10000158,15.1158,2
Fort Lauderdale,8,TEC-AC-10003590,8.2848,2
Bedford,8,TEC-PH-10001557,13.4386,2
Sacramento,8,TEC-PH-10002275,30.2384,2
Inglewood,8,TEC-CO-10001571,329.994,2
Pasadena,8,TEC-AC-10004571,43.9956,2
Memphis,8,FUR-CH-10002073,47.6604,2
Plainfield,8,OFF-AP-10002578,25.4384,2
Saint Petersburg,8,TEC-PH-10002398,22.298,2
Riverside,8,TEC-PH-10002885,90.9762,2
Cleveland,8,OFF-ST-10003996,1.9272,2
Providence,8,TEC-AC-10004571,83.9916,2
Boca Raton,9,OFF-LA-10001613,1.6704,2
Dallas,9,TEC-PH-10002447,37.0782,2
Aurora,9,OFF-AP-10000891,26.224,2
Bayonne,9,TEC-PH-10002726,52.49,2
Knoxville,9,OFF-AP-10001205,8.7168,2
Boynton Beach,9,FUR-CH-10003817,6.074,2
Inglewood,9,OFF-PA-10002615,4.0572,2
Saint Petersburg,9,FUR-FU-10001967,1.999,2
Pembroke Pines,9,OFF-LA-10001158,5.796,2
Santa Ana,9,OFF-ST-10003805,105.275,2
Corpus Christi,9,OFF-PA-10004610,2.14,2
Nashville,9,OFF-AP-10001271,7.1372,2
Laguna Niguel,9,OFF-PA-10002195,6.3504,2
Utica,9,FUR-FU-10002813,14.5728,2
Sandy Springs,9,TEC-PH-10003171,25.172,2
Anaheim,9,OFF-PA-10000994,100.656,2
Waterbury,9,OFF-ST-10000943,10.8136,2
Salem,9,OFF-SU-10002522,0.6984,2
Phoenix,9,TEC-PH-10002415,29.495,2
Modesto,9,FUR-CH-10004860,-28.2744,2
New Rochelle,9,FUR-CH-10001394,140.396,2
Holland,9,OFF-LA-10001982,3.6,2
Fayetteville,9,OFF-BI-10001359,843.1706,2
Melbourne,9,OFF-ST-10003282,9.5616,2
Lansing,9,FUR-BO-10001972,41.1332,2
Virginia Beach,9,OFF-BI-10003314,4.7236,2
Bristol,9,OFF-AP-10002311,60.5528,2
Decatur,9,OFF-EN-10001415,3.348,2
Grand Island,9,OFF-PA-10004082,7.98,2
Olathe,9,OFF-BI-10004519,149.382,2
Parma,9,OFF-EN-10003055,19.99,2
Edmonds,9,OFF-PA-10000100,40.1702,2
Wilmington,9,TEC-PH-10004977,113.6742,2
Monroe,9,TEC-AC-10003033,217.767,2
El Paso,9,FUR-CH-10000553,-2.0364,2
Lubbock,9,OFF-PA-10001846,3.3524,2
Arvada,9,FUR-CH-10004086,52.5114,2
Wheeling,9,FUR-FU-10004671,-7.7748,2
Avondale,9,OFF-AR-10003179,2.3686,2
Madison,9,OFF-BI-10004970,3.8822,2
Greenville,9,TEC-MA-10002073,-571.9956,2
Medford,9,OFF-BI-10000962,-6.8334,2
Bowling Green,9,OFF-ST-10000585,19.824,2
Redondo Beach,9,OFF-PA-10004381,46.1184,2
Visalia,9,OFF-ST-10001272,65.435,2
Austin,9,OFF-EN-10001141,6.3684,2
Concord,9,OFF-BI-10002735,32.2514,2
Waco,9,OFF-ST-10001580,2.3968,2
Greensboro,9,FUR-FU-10001546,1.068,2
Woodland,9,TEC-PH-10001299,23.9984,2
Indianapolis,9,OFF-ST-10000025,11.4516,2
Glendale,9,OFF-PA-10000859,2.388,2
Pomona,10,TEC-AC-10002800,34.993,2
Indianapolis,10,OFF-ST-10001932,54.0876,2
Detroit,10,TEC-PH-10001809,74.975,2
Cambridge,10,TEC-PH-10002496,93.594,2
Buffalo,10,OFF-EN-10003055,35.982,2
Warwick,10,OFF-ST-10000798,9.4924,2
Portland,10,TEC-PH-10001817,50.12,2
Fresno,10,FUR-BO-10003894,21.294,2
Parma,10,OFF-PA-10002230,2.8884,2
Omaha,10,OFF-BI-10004099,7.68,2
Chandler,10,OFF-AR-10001761,1.8688,2
Tempe,10,TEC-PH-10001760,107.46,2
Sterling Heights,10,OFF-AR-10004078,3.504,2
Garden City,10,TEC-PH-10001336,74.8142,2
Orem,10,OFF-AR-10001761,4.2048,2
Lawton,10,FUR-TA-10003748,54.7756,2
Durham,10,OFF-ST-10000532,4.6176,2
Monroe,10,OFF-PA-10003919,2.6892,2
Fort Lauderdale,10,FUR-FU-10002878,9.6832,2
Waco,10,OFF-BI-10002799,-3.5224,2
Mount Pleasant,10,FUR-FU-10000719,6.1704,2
La Porte,10,TEC-PH-10000215,18.873,2
Peoria,10,TEC-PH-10001700,9.2386,2
Minneapolis,10,OFF-BI-10001359,843.1706,2
San Jose,10,OFF-AP-10000576,60.49,2
San Luis Obispo,10,OFF-FA-10003059,1.1946,2
Thornton,10,OFF-SU-10004290,0.9576,2
Vallejo,10,OFF-BI-10002867,31.0856,2
Reading,10,OFF-ST-10002562,1.5008,2
Akron,10,OFF-ST-10000142,66.5408,2
Vancouver,10,FUR-FU-10002885,3.6632,2
Oakland,10,FUR-FU-10001918,3.6894,2
Skokie,11,OFF-FA-10003112,3.945,2
Las Vegas,11,FUR-BO-10002598,41.1684,2
Manhattan,11,TEC-PH-10000038,10.9584,2
Haltom City,11,OFF-EN-10001137,2.1476,2
Woonsocket,11,FUR-FU-10001095,20.1248,2
Jonesboro,11,TEC-PH-10002564,17.994,2
Orange,11,OFF-AP-10004708,22.0748,2
Atlanta,11,TEC-AC-10004145,114.9954,2
Highland Park,11,OFF-BI-10000285,-4.704,2
Carrollton,11,TEC-AC-10002567,25.5968,2
San Angelo,11,FUR-CH-10004675,-8.7232,2
Seattle,11,OFF-BI-10003527,762.594,2
Taylor,11,FUR-CH-10000863,33.2156,2
Johnson City,11,OFF-AP-10002118,29.1424,2
Grand Prairie,11,OFF-LA-10003923,8.88,2
Reading,11,FUR-FU-10000409,7.7896,2
Marion,11,FUR-FU-10002874,9.5736,2
Mesa,11,TEC-AC-10003447,1.999,2
Dallas,11,TEC-MA-10002790,55.9986,2
Durham,11,FUR-FU-10000576,25.1808,2
Brownsville,11,FUR-BO-10002202,-14.4588,2
Santa Ana,11,OFF-AR-10003582,15.764,2
Louisville,11,FUR-CH-10001854,168.4704,2
Montebello,11,TEC-AC-10004803,3.9032,2
Parma,11,OFF-AP-10002311,33.0288,2
Fort Worth,11,OFF-AR-10002257,0.7348,2
Bryan,11,OFF-BI-10003094,-2.3232,2
Longview,11,OFF-AP-10004708,22.0748,2
Vancouver,11,OFF-AR-10002956,11.4452,2
Huntington Beach,11,OFF-LA-10001045,2.4012,2
Glendale,11,TEC-PH-10001459,50.3988,2
Conway,11,FUR-TA-10002530,45.294,2
Chattanooga,11,FUR-CH-10000454,48.796,2
Fresno,11,OFF-AP-10000692,11.3512,2
Mason,11,FUR-FU-10002253,16.3172,2
Orlando,11,TEC-CO-10003236,311.9948,2
Tucson,11,TEC-PH-10002563,15.1188,2
Santa Clara,11,OFF-PA-10002479,4.752,2
Urbandale,11,OFF-AR-10000380,22.788,2
Springdale,11,OFF-AR-10000657,1.419,2
Harrisonburg,11,FUR-FU-10002759,14.3856,2
Miami,11,TEC-PH-10002549,27.1032,2
Boise,11,FUR-TA-10000577,160.1766,2
Saginaw,12,TEC-PH-10001700,35.6346,2
Tamarac,12,OFF-AP-10002684,24.316,2
Las Vegas,12,OFF-PA-10002377,48.94,2
Grand Rapids,12,OFF-PA-10000994,100.656,2
Suffolk,12,OFF-LA-10003930,96.3438,2
Morristown,12,OFF-BI-10001359,843.1706,2
Plainfield,12,OFF-BI-10004600,331.191,2
Dallas,12,OFF-ST-10000585,19.824,2
North Charleston,12,FUR-FU-10002364,4.2804,2
Salem,12,FUR-CH-10001854,168.4704,2
Rockville,12,FUR-CH-10001270,51.75,2
Santa Barbara,12,OFF-PA-10004519,4.3904,2
Lancaster,12,FUR-CH-10004675,34.8928,2
Abilene,12,OFF-AP-10001634,-3.7584,2
Columbus,12,TEC-CO-10001571,109.998,2
Georgetown,12,TEC-PH-10000560,195.9944,2
Costa Mesa,12,OFF-ST-10004340,33.5772,2
Edmonds,12,FUR-FU-10004093,20.538,2
Lawrence,12,TEC-CO-10002313,467.9922,2
Bloomington,12,OFF-EN-10004459,4.4312,2
Round Rock,12,OFF-AR-10001958,2.7168,2
Fayetteville,12,TEC-AC-10001838,171.9914,2
Bullhead City,12,FUR-FU-10002088,3.9512,2
Revere,12,OFF-BI-10004738,18.94,2
Greenville,12,TEC-PH-10002496,31.198,2
Fremont,12,OFF-ST-10004459,37.534,2
Saint Charles,12,TEC-MA-10004241,137.264,2
Encinitas,12,TEC-AC-10003610,57.5904,2
Tuscaloosa,12,FUR-CH-10002647,35.49,2
Edinburg,12,OFF-FA-10000611,0.8288,2
Peoria,12,FUR-FU-10001935,-1.406,2
Plano,12,OFF-PA-10003729,3.6288,2
Nashville,12,FUR-CH-10004477,10.9602,2
Alexandria,12,OFF-ST-10002444,6.8768,2
Missoula,12,OFF-BI-10004632,152.495,2
San Jose,12,OFF-ST-10001496,93.6988,2
El Paso,12,OFF-EN-10004773,17.9684,2
Knoxville,12,OFF-AR-10000940,0.4116,2
San Angelo,12,FUR-CH-10004477,-1.2178,2
Clinton,12,OFF-AP-10002518,103.2284,2
Danbury,12,FUR-FU-10001473,9.8856,2
Seattle,1,TEC-AC-10003610,86.3856,3
Bozeman,1,OFF-PA-10002893,13.9392,3
Kent,1,OFF-AR-10004078,1.752,3
Los Angeles,1,TEC-MA-10000488,215.9973,3
Westfield,1,TEC-AC-10000844,91.7892,3
Athens,1,OFF-AR-10002399,5.2398,3
Lafayette,1,OFF-FA-10003467,0.0,3
Cleveland,1,TEC-AC-10000171,15.8631,3
Minneapolis,1,FUR-FU-10003799,16.5354,3
Naperville,1,OFF-LA-10003223,4.2717,3
Smyrna,1,OFF-FA-10000053,0.1134,3
Laredo,1,TEC-AC-10001266,9.75,3
Concord,1,TEC-AC-10002049,66.9546,3
Miami,1,FUR-FU-10001889,4.1028,3
Jonesboro,1,FUR-CH-10002331,224.2674,3
Ormond Beach,1,OFF-BI-10000145,-1.9656,3
Newark,1,OFF-ST-10002615,120.9468,3
Des Moines,1,TEC-PH-10004614,51.75,3
Anaheim,1,TEC-PH-10002563,22.6782,3
El Paso,1,OFF-ST-10002615,27.9108,3
Costa Mesa,1,TEC-AC-10000580,26.3967,3
Akron,2,TEC-AC-10003280,0.8997,3
Moreno Valley,2,OFF-PA-10001800,9.3312,3
New York City,2,OFF-BI-10004519,124.485,3
San Diego,2,OFF-ST-10004340,50.3658,3
Pleasant Grove,2,OFF-BI-10002432,4.0986,3
Gilbert,2,TEC-PH-10004447,25.0182,3
Muskogee,2,OFF-AP-10000595,3.4086,3
El Paso,2,OFF-LA-10004425,2.3409,3
Bellevue,2,OFF-AR-10001315,1.5312,3
Tampa,2,OFF-ST-10001496,32.4342,3
Oceanside,2,OFF-ST-10000036,80.0199,3
Raleigh,2,TEC-PH-10002624,126.8973,3
Lafayette,2,TEC-PH-10003875,8.4564,3
San Francisco,2,TEC-AC-10003628,39.5868,3
Baltimore,2,OFF-SU-10001165,6.5052,3
Louisville,2,OFF-FA-10001229,3.0654,3
Pembroke Pines,2,OFF-PA-10004381,40.3536,3
Fairfield,2,OFF-ST-10001932,81.1314,3
Chesapeake,2,TEC-AC-10001432,103.158,3
Omaha,2,TEC-AC-10004901,50.9898,3
La Crosse,2,OFF-BI-10004738,28.41,3
Memphis,3,FUR-TA-10001857,-94.941,3
Tucson,3,OFF-PA-10002581,23.235,3
Dallas,3,OFF-EN-10000056,50.4063,3
Hamilton,3,OFF-AR-10004027,1.5876,3
San Diego,3,TEC-PH-10001795,185.997,3
Southaven,3,TEC-AC-10004571,125.9874,3
Peoria,3,FUR-BO-10000362,-35.9058,3
Plano,3,FUR-TA-10001889,-152.7156,3
Elmhurst,3,OFF-PA-10003036,5.6784,3
Tyler,3,TEC-AC-10003614,4.5201,3
Pocatello,3,OFF-PA-10001838,8.6436,3
Round Rock,3,TEC-PH-10000895,32.3982,3
Nashville,3,OFF-BI-10001153,-20.724,3
North Miami,3,OFF-PA-10001560,4.8924,3
Mishawaka,3,OFF-BI-10003876,64.2,3
San Antonio,3,TEC-PH-10000984,47.0376,3
Dover,3,OFF-BI-10003091,315.8118,3
Bloomington,3,TEC-PH-10003171,37.758,3
Delray Beach,3,OFF-LA-10004484,3.2214,3
Margate,3,OFF-AR-10001374,2.3328,3
Lehi,3,TEC-PH-10003356,1.6776,3
Virginia Beach,3,TEC-AC-10003116,20.7675,3
Reading,3,OFF-EN-10003845,2.8782,3
Columbia,3,OFF-AP-10002945,297.6435,3
Dearborn,3,FUR-FU-10004245,23.1192,3
Roseville,3,OFF-PA-10002105,9.3312,3
Fort Worth,3,TEC-PH-10002365,1.5804,3
Richmond,3,TEC-PH-10000984,164.6316,3
Manteca,3,OFF-PA-10004359,150.984,3
Houston,4,OFF-ST-10001780,77.7468,3
Florence,4,FUR-FU-10004006,21.7515,3
Marion,4,OFF-PA-10000474,49.9704,3
Newark,4,OFF-LA-10001613,2.5056,3
Marietta,4,TEC-PH-10004922,50.2425,3
Norwich,4,OFF-AP-10000179,144.3546,3
San Diego,4,OFF-PA-10004327,68.976,3
Huntsville,4,TEC-PH-10001061,17.9982,3
Long Beach,4,FUR-TA-10002774,-13.8717,3
Norfolk,4,OFF-BI-10002071,8.0178,3
Jackson,4,TEC-AC-10002550,16.2486,3
Wilmington,4,TEC-PH-10004531,37.797,3
San Jose,4,FUR-FU-10004017,26.649,3
San Clemente,4,OFF-EN-10004386,35.985,3
Jacksonville,4,OFF-PA-10000994,88.074,3
Midland,4,OFF-BI-10003527,1906.485,3
Tampa,4,FUR-FU-10000087,14.3136,3
Denver,4,OFF-PA-10001970,9.9468,3
Toledo,4,OFF-AR-10001468,21.3408,3
Santa Maria,4,OFF-ST-10000532,30.0144,3
Dallas,4,TEC-PH-10003012,41.5773,3
Lubbock,4,OFF-BI-10004738,-17.046,3
Oak Park,4,FUR-FU-10004188,79.794,3
Wilson,4,OFF-PA-10000807,3.4668,3
Miami,4,TEC-AC-10002001,81.5949,3
Roswell,4,OFF-BI-10001359,1264.7559,3
Columbus,5,OFF-BI-10004632,411.7365,3
Oakland,5,TEC-AC-10002800,52.4895,3
Rancho Cucamonga,5,OFF-AP-10001271,41.2938,3
Yonkers,5,OFF-BI-10004828,14.5638,3
Baltimore,5,OFF-PA-10002319,56.9772,3
Woonsocket,5,OFF-ST-10004507,13.8915,3
Laurel,5,OFF-AP-10001469,36.2877,3
Rochester,5,OFF-ST-10001490,160.623,3
Eau Claire,5,OFF-BI-10000666,45.84,3
Kent,5,OFF-EN-10001434,77.4837,3
Milwaukee,5,FUR-FU-10002088,11.3148,3
Nashville,5,FUR-FU-10001085,14.547,3
Roswell,5,OFF-EN-10004147,8.7906,3
Cleveland,5,OFF-ST-10002011,88.0299,3
Washington,5,FUR-FU-10000629,17.3754,3
Westfield,5,FUR-FU-10003975,12.993,3
Tampa,5,FUR-FU-10001095,14.2992,3
Watertown,5,OFF-AP-10004249,9.6957,3
Sandy Springs,5,FUR-BO-10003546,75.735,3
Sanford,5,OFF-BI-10000822,-3.5508,3
Athens,5,OFF-LA-10004345,7.2177,3
Columbia,5,OFF-EN-10000056,87.7443,3
Buffalo Grove,5,FUR-TA-10001539,-184.8366,3
Encinitas,5,FUR-TA-10003748,7.4694,3
Murfreesboro,5,OFF-PA-10003971,5.2026,3
Boynton Beach,5,OFF-AR-10002280,4.8525,3
Camarillo,5,FUR-CH-10004495,81.2646,3
Louisville,5,TEC-PH-10002834,134.9925,3
Freeport,5,OFF-AR-10000411,14.346,3
Mount Vernon,5,TEC-AC-10001606,113.9886,3
Fayetteville,5,OFF-AR-10003504,1.1556,3
Grand Prairie,6,OFF-PA-10004156,9.8658,3
Houston,6,TEC-PH-10001578,109.3365,3
Kent,6,OFF-PA-10001639,9.3312,3
Columbus,6,FUR-TA-10002530,67.941,3
Waterbury,6,TEC-PH-10004539,153.0819,3
Jackson,6,TEC-PH-10003484,94.4925,3
Apple Valley,6,OFF-AR-10002255,2.5056,3
Monroe,6,FUR-CH-10000847,52.3764,3
Miami,6,OFF-EN-10004483,12.6927,3
New Rochelle,6,OFF-BI-10001098,18.6006,3
Phoenix,6,OFF-BI-10001553,-6.0324,3
York,6,FUR-CH-10002965,-18.0882,3
Chapel Hill,6,OFF-AR-10003602,4.7304,3
Bristol,6,FUR-CH-10002647,10.647,3
Minneapolis,6,FUR-TA-10001771,173.235,3
Fairfield,6,FUR-FU-10004306,34.974,3
Pearland,6,TEC-PH-10001619,52.9173,3
Commerce City,6,OFF-ST-10001418,-32.9292,3
Los Angeles,6,TEC-AC-10003870,395.988,3
Cranston,6,OFF-BI-10002735,48.3771,3
Wichita,6,OFF-LA-10003148,8.694,3
Olympia,6,FUR-FU-10004848,46.575,3
Corpus Christi,6,OFF-PA-10000167,23.235,3
Decatur,6,TEC-CO-10004202,314.9895,3
Watertown,6,FUR-CH-10002647,31.941,3
North Las Vegas,6,OFF-PA-10003641,36.4044,3
Hampton,6,OFF-BI-10001670,56.55,3
Deltona,6,TEC-PH-10001819,37.7916,3
Arlington,6,TEC-PH-10002496,140.391,3
Oklahoma City,6,FUR-FU-10004270,23.6529,3
Akron,6,OFF-PA-10002666,6.795,3
Seattle,6,OFF-BI-10004995,1061.5722,3
Long Beach,6,TEC-PH-10001578,352.3065,3
Belleville,6,TEC-AC-10002402,71.991,3
Saint Louis,7,OFF-SU-10002573,15.777,3
Palm Coast,7,FUR-FU-10003192,15.9912,3
Franklin,7,OFF-BI-10001597,59.0112,3
Pensacola,7,OFF-BI-10000201,-1.476,3
Richmond,7,OFF-LA-10003930,144.5157,3
Hollywood,7,OFF-PA-10003349,5.6376,3
Citrus Heights,7,FUR-FU-10001215,54.3438,3
Suffolk,7,FUR-TA-10004575,157.1292,3
Burlington,7,OFF-AR-10003514,1.5522,3
San Antonio,7,FUR-FU-10004666,-10.0602,3
Dallas,7,OFF-ST-10003306,38.5722,3
Broomfield,7,FUR-CH-10004287,74.574,3
Oklahoma City,7,TEC-PH-10003012,133.9713,3
Denver,7,FUR-CH-10002335,40.8006,3
Las Vegas,7,OFF-BI-10004492,25.5798,3
Westminster,7,TEC-PH-10004977,52.9173,3
Salem,7,FUR-BO-10003441,69.6762,3
Carol Stream,7,OFF-ST-10003208,48.9942,3
Knoxville,7,OFF-AR-10002833,0.3822,3
League City,7,OFF-PA-10001804,5.6112,3
Hackensack,7,FUR-CH-10003379,213.735,3
Glendale,7,FUR-CH-10003199,13.3176,3
Tempe,7,OFF-BI-10003196,-2.244,3
Rochester,7,OFF-BI-10003460,3.6792,3
Riverside,7,OFF-ST-10001490,160.623,3
Perth Amboy,7,TEC-PH-10001760,280.59,3
Niagara Falls,7,TEC-PH-10004912,47.8065,3
Bethlehem,7,OFF-AP-10004052,0.711,3
Clinton,7,TEC-MA-10002428,209.2365,3
Nashville,7,OFF-AR-10000657,0.8385,3
Sioux Falls,7,TEC-AC-10003095,132.5898,3
Grand Prairie,7,OFF-PA-10001950,6.255,3
Lake Forest,8,OFF-AP-10000828,152.0232,3
Atlanta,8,OFF-AP-10000828,152.0232,3
Franklin,8,TEC-AC-10002006,14.8707,3
Glendale,8,OFF-PA-10001289,33.7212,3
Tulsa,8,OFF-EN-10002504,38.3238,3
Raleigh,8,FUR-FU-10004270,12.1149,3
Oakland,8,OFF-AP-10002867,54.9504,3
San Diego,8,TEC-CO-10004115,434.9913,3
Aurora,8,OFF-AP-10003287,12.2328,3
Pharr,8,FUR-FU-10004973,-10.1736,3
Springfield,8,FUR-TA-10003569,300.735,3
Bloomington,8,TEC-AC-10000682,7.4655,3
Marietta,8,OFF-BI-10004187,2.7072,3
Kirkwood,8,FUR-FU-10000305,34.0704,3
Owensboro,8,OFF-SU-10004661,6.63,3
Portland,8,OFF-AR-10002053,0.7152,3
Pleasant Grove,8,OFF-AP-10003590,305.13,3
Louisville,8,OFF-BI-10002735,48.3771,3
Bowling Green,8,OFF-ST-10003208,48.9942,3
Newark,8,TEC-AC-10002800,52.4895,3
Pomona,8,FUR-FU-10001889,10.4148,3
Hendersonville,8,OFF-BI-10003314,-3.0366,3
Grand Rapids,8,OFF-PA-10001934,9.5256,3
Quincy,8,OFF-PA-10000675,60.2553,3
Murrieta,8,OFF-ST-10000046,92.0835,3
Edmonds,8,TEC-AC-10003610,86.3856,3
Cedar Hill,8,OFF-PA-10004381,40.3536,3
Lafayette,8,FUR-BO-10000468,23.3184,3
Sheboygan,8,OFF-LA-10003537,17.6673,3
Fort Collins,8,FUR-FU-10001979,9.8328,3
Englewood,8,TEC-PH-10002890,8.1432,3
Bakersfield,8,OFF-BI-10002194,6.4638,3
Salt Lake City,8,OFF-BI-10002133,37.236,3
North Miami,8,OFF-SU-10003936,-1.8126,3
Nashville,8,OFF-PA-10000552,5.4432,3
Athens,8,FUR-FU-10000308,41.0388,3
Pearland,9,OFF-EN-10001415,5.022,3
Henderson,9,OFF-BI-10003650,757.4112,3
Dover,9,OFF-BI-10004965,15.525,3
Newark,9,FUR-FU-10002253,24.4758,3
Tucson,9,FUR-FU-10002937,89.307,3
Woodbury,9,OFF-ST-10001490,160.623,3
Meriden,9,OFF-PA-10002499,73.41,3
Mentor,9,TEC-AC-10004571,65.9934,3
Johnson City,9,OFF-EN-10001099,7.6284,3
Charlotte,9,TEC-AC-10002049,303.804,3
Coral Springs,9,OFF-PA-10001937,5.4432,3
Pasadena,9,TEC-MA-10003066,44.868,3
La Mesa,9,TEC-AC-10000474,85.491,3
Des Moines,9,TEC-CO-10002313,701.9883,3
Orlando,9,TEC-AC-10001465,10.896,3
Bloomington,9,FUR-FU-10004006,21.7515,3
Hempstead,9,OFF-EN-10004846,3.9102,3
Orange,9,OFF-AR-10001725,18.447,3
Sacramento,9,FUR-FU-10003464,19.4688,3
Independence,9,OFF-BI-10003650,757.4112,3
Rochester,9,FUR-CH-10003061,51.2943,3
Marlborough,9,FUR-FU-10004864,61.3824,3
Everett,9,FUR-BO-10002545,203.5644,3
Smyrna,9,OFF-AR-10003896,6.4584,3
Oakland,9,OFF-BI-10001757,4.1328,3
Twin Falls,9,FUR-TA-10003473,259.5297,3
Orem,9,FUR-TA-10000577,240.2649,3
Hackensack,9,FUR-FU-10001588,37.6422,3
Apple Valley,9,TEC-PH-10003589,15.1116,3
Miami,9,OFF-PA-10003395,88.074,3
Oxnard,9,FUR-FU-10004006,21.7515,3
Fort Collins,9,OFF-EN-10004147,5.2026,3
Thomasville,9,OFF-EN-10003055,29.985,3
Chicago,9,TEC-AC-10001606,53.9946,3
Akron,9,OFF-PA-10003302,28.7064,3
North Charleston,9,OFF-ST-10001809,5.3898,3
Philadelphia,9,TEC-AC-10003174,64.674,3
Bangor,9,TEC-PH-10001944,131.355,3
Clovis,9,TEC-AC-10004992,8.1072,3
Chula Vista,9,OFF-EN-10001453,85.9818,3
Malden,9,FUR-BO-10003450,13.9152,3
Cedar Rapids,9,TEC-PH-10003505,80.736,3
Woonsocket,9,OFF-BI-10003707,22.89,3
Albuquerque,9,OFF-PA-10002666,12.231,3
Tallahassee,9,TEC-AC-10002637,-75.5958,3
Roseville,9,OFF-PA-10003790,31.5192,3
San Antonio,9,TEC-PH-10003931,8.9985,3
Freeport,9,OFF-PA-10002947,9.6192,3
Hialeah,9,TEC-PH-10001750,13.8579,3
Tampa,9,FUR-FU-10004020,3.7743,3
Louisville,9,TEC-PH-10001870,9.1845,3
Chesapeake,9,FUR-TA-10003238,314.0586,3
Escondido,9,OFF-AR-10004042,15.6426,3
Boise,9,TEC-AC-10001109,37.7874,3
Concord,10,OFF-PA-10003591,17.22,3
Boynton Beach,10,FUR-FU-10003553,41.262,3
Laredo,10,TEC-AC-10002402,23.997,3
Wheeling,10,FUR-TA-10001932,-76.9536,3
Manteca,10,FUR-CH-10002774,13.7646,3
Rock Hill,10,OFF-FA-10002763,3.792,3
Rockville,10,OFF-PA-10001870,9.3312,3
Baltimore,10,OFF-PA-10000062,80.7912,3
Riverside,10,OFF-PA-10001892,11.2308,3
Hialeah,10,OFF-PA-10000556,5.4432,3
Cincinnati,10,TEC-AC-10002323,-4.641,3
Oklahoma City,10,OFF-AP-10002651,251.8911,3
Warner Robins,10,FUR-CH-10001482,43.2234,3
Fayetteville,10,OFF-PA-10000300,16.1838,3
Evanston,10,FUR-CH-10002880,-70.1043,3
North Las Vegas,10,OFF-BI-10001120,1644.2913,3
Lubbock,10,TEC-CO-10001943,161.9919,3
Belleville,10,OFF-PA-10001357,68.976,3
Bridgeton,10,OFF-AP-10001626,3.0342,3
Troy,10,FUR-FU-10002671,19.296,3
Jacksonville,10,TEC-PH-10004586,107.985,3
Coral Gables,10,TEC-PH-10003095,19.755,3
Greensboro,10,OFF-BI-10002557,-2.73,3
Spokane,10,TEC-MA-10001972,62.82,3
Roseville,10,OFF-BI-10004781,26.6616,3
Freeport,10,OFF-PA-10003127,20.5764,3
Seattle,10,OFF-PA-10004039,82.2906,3
Lakeland,10,FUR-CH-10003379,42.747,3
Dallas,10,TEC-AC-10003033,128.6805,3
Mcallen,10,TEC-AC-10000521,3.462,3
Mount Vernon,10,OFF-BI-10002764,2.8101,3
Santa Barbara,10,OFF-LA-10000414,14.904,3
Lebanon,10,TEC-PH-10001061,17.9982,3
Philadelphia,10,OFF-EN-10002230,67.9833,3
Amarillo,10,TEC-AC-10004975,42.8805,3
Camarillo,10,OFF-LA-10002034,7.2177,3
Rancho Cucamonga,10,OFF-BI-10002706,11.1384,3
Bowling Green,11,TEC-CO-10002095,74.9985,3
Riverside,11,OFF-AR-10002221,2.106,3
Portland,11,TEC-PH-10000673,54.5916,3
Las Cruces,11,FUR-FU-10000629,17.3754,3
Freeport,11,FUR-FU-10004017,64.518,3
Niagara Falls,11,OFF-BI-10000320,6.4206,3
Pembroke Pines,11,TEC-AC-10002335,-1.0497,3
Marysville,11,OFF-AR-10003394,2.3814,3
The Colony,11,TEC-PH-10002350,6.7176,3
Newark,11,TEC-CO-10004722,5039.9856,3
Midland,11,OFF-ST-10001490,160.623,3
Cedar Hill,11,OFF-EN-10002600,2.478,3
Plantation,11,FUR-CH-10004477,16.4403,3
Indianapolis,11,OFF-AP-10001947,15.9384,3
Salem,11,OFF-EN-10002230,118.3413,3
Akron,11,OFF-BI-10003350,-4.5936,3
Jacksonville,11,OFF-PA-10001790,40.3536,3
Coon Rapids,11,TEC-PH-10002103,78.9516,3
Irving,11,TEC-PH-10002923,7.7679,3
Aberdeen,11,OFF-SU-10004661,6.63,3
West Jordan,11,OFF-PA-10001125,41.823,3
Rochester,11,TEC-PH-10003811,100.7916,3
Tigard,11,OFF-PA-10001166,5.4432,3
Hillsboro,11,OFF-PA-10003205,6.6177,3
Raleigh,11,TEC-PH-10001198,19.9665,3
Cambridge,11,OFF-PA-10000300,28.1718,3
College Station,11,FUR-CH-10001973,-53.2704,3
Des Plaines,11,OFF-BI-10004728,-4.9164,3
Westfield,11,OFF-ST-10001414,12.0276,3
Aurora,11,OFF-BI-10001982,-3.4272,3
Cincinnati,11,OFF-PA-10000955,5.1012,3
Clinton,11,FUR-CH-10000422,43.6752,3
Montgomery,11,OFF-AR-10001954,3.9609,3
Quincy,11,OFF-PA-10002586,7.0218,3
Des Moines,11,TEC-PH-10001580,109.3338,3
Buffalo,11,OFF-BI-10001359,726.5619,3
Arlington,11,TEC-AC-10002550,16.2486,3
Tulsa,11,FUR-CH-10002084,81.1734,3
Fayetteville,11,OFF-AP-10002118,43.7136,3
San Jose,11,OFF-EN-10001434,77.4837,3
Cleveland,11,OFF-EN-10001532,15.282,3
Shelton,11,TEC-AC-10003447,14.9925,3
Bellevue,11,OFF-SU-10004782,7.605,3
Redding,11,TEC-PH-10004447,25.0182,3
Greenwood,11,OFF-PA-10000565,82.2906,3
Apopka,11,OFF-AP-10001058,50.3658,3
Omaha,11,TEC-AC-10003280,18.8937,3
Gladstone,11,FUR-FU-10001290,40.416,3
Pasadena,11,TEC-PH-10004165,49.4982,3
Columbus,11,OFF-AP-10002734,290.3016,3
Franklin,11,FUR-CH-10001482,43.2234,3
Salt Lake City,11,OFF-PA-10000357,79.8912,3
Springfield,11,OFF-AP-10003057,322.1829,3
Oakland,11,TEC-AC-10002001,177.5889,3
Sunnyvale,11,FUR-CH-10003061,-2.6997,3
Lawrence,11,TEC-AC-10000990,165.2868,3
Dover,11,FUR-FU-10004017,26.649,3
Allen,11,TEC-AC-10003038,-0.2685,3
Salinas,12,FUR-BO-10001519,15.6978,3
Fort Lauderdale,12,FUR-FU-10001940,5.7312,3
Minneapolis,12,FUR-FU-10000732,6.0288,3
Loveland,12,OFF-FA-10003472,-0.6048,3
Longmont,12,TEC-AC-10002942,-6.21,3
Glenview,12,TEC-PH-10001750,13.8579,3
Charlottesville,12,OFF-AR-10001446,10.395,3
Auburn,12,OFF-BI-10000301,5.823,3
Cuyahoga Falls,12,OFF-BI-10000201,-1.476,3
Lafayette,12,TEC-MA-10003183,239.985,3
Tallahassee,12,OFF-BI-10001553,-6.0324,3
Temecula,12,TEC-PH-10001530,49.4376,3
Little Rock,12,TEC-PH-10003601,148.491,3
Baltimore,12,FUR-CH-10000785,141.1644,3
Homestead,12,OFF-ST-10001476,7.4571,3
Bellevue,12,OFF-BI-10001617,8.3754,3
Taylor,12,OFF-AR-10003651,2.8536,3
Morgan Hill,12,OFF-ST-10001558,7.308,3
Goldsboro,12,OFF-AP-10004859,3.0576,3
Bristol,12,OFF-BI-10000145,-1.9656,3
Oxnard,12,OFF-ST-10002292,222.588,3
Sandy Springs,12,OFF-PA-10002195,7.1628,3
Smyrna,12,OFF-AR-10003251,1.668,3
Cary,12,TEC-PH-10001433,21.5397,3
Tampa,12,OFF-PA-10001295,15.9348,3
Burlington,12,TEC-AC-10002001,81.5949,3
Odessa,12,OFF-PA-10004285,5.6112,3
Antioch,12,OFF-PA-10004100,9.3312,3
Chandler,12,FUR-CH-10001394,105.297,3
Laredo,12,TEC-PH-10000576,28.7679,3
Meridian,12,OFF-BI-10001679,7.992,3
San Antonio,12,OFF-PA-10000304,5.4432,3
Hamilton,12,FUR-FU-10003773,-21.4704,3
Middletown,12,FUR-FU-10003708,38.2095,3
Arlington,12,OFF-ST-10003208,157.8702,3
Carlsbad,12,OFF-ST-10000876,10.4496,3
San Francisco,12,TEC-CO-10004115,434.9913,3
East Orange,12,TEC-AC-10003237,13.674,3
Columbia,12,FUR-CH-10004287,74.574,3
Oceanside,12,FUR-CH-10002965,102.4998,3
Eau Claire,12,FUR-CH-10002335,176.8026,3
Fairfield,12,FUR-CH-10000155,251.202,3
Murfreesboro,12,FUR-FU-10002030,16.0056,3
Jackson,12,TEC-AC-10001838,257.9871,3
Independence,12,OFF-AP-10001058,218.2518,3
Troy,12,OFF-BI-10003166,-7.5768,3
Indianapolis,12,OFF-BI-10004600,496.7865,3
New Bedford,12,OFF-PA-10001972,9.3312,3
Cincinnati,12,OFF-EN-10004386,21.591,3
Murray,12,FUR-FU-10004748,74.8098,3
Jacksonville,12,FUR-FU-10000222,12.6672,3
Paterson,12,OFF-PA-10001144,79.8912,3
Vineland,12,FUR-CH-10003968,25.5528,3
Brownsville,12,OFF-ST-10000036,20.7459,3
Lorain,1,FUR-FU-10003878,8.5568,4
Fayetteville,1,OFF-AP-10000692,6.4864,4
Richmond,1,TEC-AC-10004469,70.312,4
Charlotte,1,TEC-CO-10000971,119.996,4
Aurora,1,TEC-PH-10002584,250.396,4
Jackson,1,OFF-BI-10004995,2504.2216,4
Chicago,1,OFF-PA-10003892,52.8228,4
Huntsville,1,OFF-AR-10003158,2.2288,4
Rockford,1,TEC-PH-10004241,143.9968,4
Lancaster,1,OFF-ST-10002554,-35.2152,4
Westland,1,OFF-AP-10002311,93.5816,4
Gulfport,1,OFF-BI-10000285,15.68,4
Texas City,1,FUR-CH-10004875,-8.5416,4
Medford,2,OFF-PA-10000174,11.1024,4
San Antonio,2,OFF-LA-10001074,13.5324,4
Richmond,2,FUR-CH-10000015,225.264,4
Seattle,2,TEC-AC-10001838,343.9828,4
Macon,2,OFF-BI-10004236,27.0112,4
Leominster,2,OFF-PA-10002377,10.224,4
Clinton,2,OFF-PA-10002464,11.3288,4
Las Cruces,2,OFF-PA-10000249,23.0864,4
Chattanooga,2,FUR-FU-10000723,-18.1808,4
Henderson,2,FUR-FU-10003773,34.9888,4
Sterling Heights,2,OFF-AR-10001615,20.6336,4
Coppell,3,TEC-PH-10003215,34.742,4
Oceanside,3,FUR-FU-10000221,6.9088,4
Wilmington,3,OFF-AR-10003560,3.4048,4
Normal,3,FUR-CH-10003298,-110.0232,4
Detroit,3,OFF-BI-10003091,421.0824,4
Cuyahoga Falls,3,OFF-BI-10002353,-12.352,4
Salem,3,OFF-PA-10002005,7.2576,4
Saint Peters,3,FUR-TA-10001095,146.4036,4
Des Moines,3,FUR-TA-10003954,106.6248,4
Fresno,3,OFF-BI-10002026,62.748,4
Chesapeake,3,FUR-CH-10003379,284.98,4
Jacksonville,3,OFF-AP-10002945,156.338,4
Huntsville,3,OFF-AR-10003217,5.4768,4
Gresham,3,TEC-PH-10003691,25.198,4
Burbank,3,TEC-MA-10001148,415.9896,4
Greensboro,3,OFF-BI-10004410,-5.8604,4
Cambridge,3,TEC-AC-10001772,24.9132,4
Seattle,3,TEC-CO-10004722,6719.9808,4
Florence,3,OFF-FA-10003112,14.202,4
Chico,3,FUR-CH-10004063,102.9528,4
Glendale,4,FUR-CH-10004086,105.0228,4
Providence,4,OFF-PA-10001712,17.982,4
Smyrna,4,OFF-EN-10002973,8.6016,4
Rochester,4,OFF-ST-10001476,38.3508,4
Pomona,4,TEC-AC-10002800,69.986,4
Des Plaines,4,TEC-PH-10004345,47.98,4
Chandler,4,OFF-AR-10000246,0.6672,4
Fort Worth,4,OFF-LA-10001158,11.592,4
Richmond,4,TEC-PH-10000673,124.7808,4
Concord,4,TEC-AC-10001908,139.986,4
Los Angeles,4,TEC-CO-10001943,215.9892,4
Evanston,4,TEC-CO-10001766,485.9892,4
Mcallen,4,TEC-PH-10003357,24.4768,4
Chesapeake,4,OFF-AP-10001271,55.0584,4
Hoover,4,OFF-SU-10000157,9.5448,4
Plainfield,4,OFF-ST-10001780,621.9744,4
Meriden,4,OFF-AR-10000246,2.8912,4
Springfield,4,FUR-TA-10004086,75.6624,4
Hot Springs,4,FUR-FU-10003268,31.984,4
Long Beach,5,OFF-SU-10000898,16.124,4
Jacksonville,5,OFF-PA-10003134,53.8048,4
Philadelphia,5,TEC-CO-10004722,1119.9968,4
Charlotte,5,TEC-PH-10004977,70.5564,4
Tallahassee,5,OFF-PA-10001001,31.4712,4
Wilson,5,FUR-FU-10001986,20.392,4
Tucson,5,OFF-PA-10002254,27.4352,4
Allen,5,OFF-PA-10000213,5.3784,4
Passaic,5,OFF-AP-10003217,172.3384,4
Akron,5,OFF-PA-10001526,5.7768,4
Amarillo,5,FUR-CH-10003298,-110.0232,4
Huntsville,5,OFF-BI-10001787,12.8184,4
Newport News,5,OFF-ST-10003306,165.7176,4
Phoenix,5,TEC-AC-10000844,54.3936,4
Bakersfield,5,FUR-FU-10001617,14.144,4
Fargo,5,OFF-ST-10003816,162.0948,4
Lawrence,5,FUR-CH-10004675,244.2496,4
Fort Lauderdale,5,OFF-BI-10000301,-5.176,4
Longmont,6,FUR-CH-10004853,54.3528,4
Hickory,6,OFF-BI-10001525,-3.81,4
Smyrna,6,FUR-CH-10002965,56.2744,4
Carlsbad,6,OFF-PA-10001815,92.2368,4
Salem,6,OFF-PA-10000249,23.0864,4
Richmond,6,TEC-PH-10003691,125.99,4
Santa Clara,6,OFF-AP-10004859,15.7248,4
Philadelphia,6,OFF-PA-10003395,117.432,4
Orlando,6,OFF-PA-10002787,7.2576,4
Rochester Hills,6,TEC-AC-10003832,54.3332,4
Southaven,6,TEC-AC-10000109,53.7504,4
Pocatello,6,FUR-FU-10003192,92.3936,4
Gilbert,6,FUR-FU-10004306,46.632,4
Layton,6,OFF-FA-10000490,2.3312,4
San Diego,6,TEC-MA-10000984,503.64,4
Carrollton,6,TEC-AC-10001109,26.3912,4
Paterson,6,OFF-AP-10002311,121.1056,4
Lakewood,7,OFF-BI-10001071,-53.7432,4
Waterloo,7,OFF-AR-10001166,11.8248,4
Fremont,7,TEC-PH-10002293,22.3888,4
Plano,7,TEC-PH-10002726,62.988,4
Rockford,7,OFF-BI-10000948,-18.8364,4
Milwaukee,7,TEC-PH-10004165,285.9896,4
Pharr,7,FUR-TA-10001676,-21.3264,4
Amarillo,7,TEC-PH-10000526,30.7168,4
El Paso,7,TEC-PH-10000895,43.1976,4
Vineland,7,OFF-AR-10003732,2.8912,4
Costa Mesa,7,FUR-FU-10004864,81.8432,4
Warwick,7,TEC-AC-10004353,93.24,4
Columbus,7,TEC-CO-10001449,191.9968,4
Seattle,7,TEC-AC-10002049,742.632,4
Aurora,7,OFF-PA-10001977,62.1376,4
San Diego,7,TEC-AC-10003095,176.7864,4
Wheeling,7,OFF-AR-10000380,15.192,4
Moorhead,8,TEC-AC-10002006,19.8276,4
Detroit,8,TEC-PH-10004042,165.3496,4
Fayetteville,8,OFF-AP-10002518,64.0728,4
Eagan,8,OFF-LA-10002043,19.872,4
Little Rock,8,TEC-AC-10000844,122.3856,4
Jackson,8,FUR-CH-10000015,225.264,4
Redmond,8,TEC-PH-10000576,38.3572,4
Orlando,8,OFF-PA-10000223,7.2576,4
Port Saint Lucie,8,OFF-AP-10000804,0.896,4
Irving,9,OFF-LA-10001569,5.1792,4
Charlottesville,9,FUR-FU-10000820,12.2328,4
Milwaukee,9,OFF-PA-10004475,107.7216,4
Lancaster,9,OFF-BI-10001989,23.4976,4
Quincy,9,OFF-PA-10003039,30.98,4
Yuma,9,OFF-AR-10002375,1.1808,4
Lincoln Park,9,FUR-BO-10000468,31.0912,4
Lakewood,9,FUR-CH-10003606,143.6288,4
New York City,9,OFF-BI-10004995,1415.4296,4
Columbia,9,FUR-CH-10000309,422.51,4
Marion,9,TEC-AC-10004864,33.5892,4
Naperville,9,TEC-PH-10004093,16.5564,4
Saint Charles,9,TEC-AC-10002473,46.5432,4
La Quinta,9,TEC-AC-10003499,18.0648,4
Green Bay,9,OFF-PA-10002377,10.224,4
Paterson,9,OFF-BI-10004593,96.416,4
Roswell,9,FUR-CH-10000785,188.2192,4
Plano,9,OFF-LA-10000134,3.4496,4
Morristown,9,TEC-MA-10004626,225.6,4
Mesa,9,OFF-PA-10000501,31.2736,4
Miramar,9,FUR-CH-10003298,-57.6312,4
Tyler,9,OFF-BI-10001071,-79.3352,4
Palm Coast,9,OFF-EN-10001219,8.8624,4
Springfield,9,FUR-CH-10002073,307.1448,4
Raleigh,9,OFF-AP-10002534,94.2784,4
Auburn,9,OFF-ST-10003716,117.0104,4
Draper,9,TEC-PH-10002807,47.46,4
Burlington,10,OFF-BI-10004995,-1306.5504,4
New York City,10,TEC-CO-10004722,3919.9888,4
Bossier City,10,FUR-FU-10000193,10.3936,4
Pasadena,10,OFF-ST-10002352,8.2992,4
Redlands,10,TEC-PH-10001578,145.782,4
Bloomington,10,OFF-BI-10000301,-7.764,4
Aurora,10,OFF-ST-10002974,17.428,4
Westland,10,OFF-ST-10001713,8.4784,4
Deltona,10,OFF-AR-10004956,2.0088,4
Greenville,10,OFF-BI-10004236,-14.0928,4
Columbus,10,TEC-AC-10000892,57.6,4
Quincy,10,TEC-AC-10003657,2.7192,4
Fort Collins,10,OFF-BI-10000831,-2.5344,4
Manchester,10,FUR-BO-10002545,271.4192,4
Woodland,10,OFF-BI-10001787,7.5864,4
Sparks,10,OFF-AR-10001955,23.808,4
Meridian,10,OFF-AP-10004336,66.0736,4
Lawrence,10,FUR-FU-10004712,14.7056,4
Noblesville,10,TEC-PH-10001750,71.2692,4
Knoxville,10,OFF-PA-10003172,7.2576,4
Jackson,10,OFF-SU-10002573,21.036,4
Newport News,10,FUR-TA-10004607,112.3508,4
El Cajon,10,FUR-CH-10001802,4.8392,4
Charlotte,10,OFF-ST-10003208,65.3256,4
Lake Forest,10,FUR-CH-10004063,102.9528,4
San Diego,10,TEC-AC-10003610,115.1808,4
Fairfield,10,OFF-AP-10004708,13.7016,4
Rio Rancho,11,FUR-CH-10004287,99.432,4
Cheyenne,11,FUR-CH-10001215,100.196,4
Dubuque,11,TEC-PH-10003885,76.5484,4
Mount Vernon,11,OFF-EN-10004007,29.2716,4
Leominster,11,OFF-BI-10003707,30.52,4
Escondido,11,OFF-AR-10000255,6.0736,4
Austin,11,OFF-PA-10003395,117.432,4
Denver,11,TEC-PH-10001795,247.996,4
Los Angeles,11,OFF-AP-10003057,429.5772,4
Chula Vista,11,OFF-AR-10002135,55.912,4
Saginaw,11,FUR-FU-10002597,8.2992,4
Richmond,11,TEC-PH-10002624,545.1884,4
Frisco,11,TEC-AC-10004127,-1.3584,4
Philadelphia,11,TEC-CO-10004115,179.9964,4
Monroe,11,TEC-PH-10003273,131.0296,4
San Antonio,11,OFF-PA-10000994,117.432,4
Yonkers,11,TEC-AC-10004114,70.5028,4
Coral Springs,11,OFF-AP-10000576,24.196,4
Chesapeake,11,OFF-AP-10003099,55.3616,4
New Rochelle,11,OFF-PA-10004039,109.7208,4
Miramar,11,FUR-FU-10003553,55.016,4
Huntsville,11,TEC-AC-10003870,527.984,4
Westminster,11,TEC-PH-10000376,2.3976,4
Gresham,11,FUR-CH-10003833,-12.196,4
El Paso,11,OFF-AR-10000716,4.2408,4
Bakersfield,11,FUR-TA-10001086,36.4776,4
Milwaukee,11,TEC-AC-10004145,229.9908,4
Utica,11,TEC-PH-10002170,78.3888,4
San Bernardino,12,OFF-BI-10004230,38.6848,4
Bowling Green,12,TEC-AC-10003116,27.69,4
Chico,12,OFF-PA-10000726,16.398,4
West Palm Beach,12,OFF-PA-10002421,25.2784,4
Clarksville,12,OFF-AR-10003752,12.012,4
Austin,12,TEC-AC-10002018,6.4308,4
Torrance,12,FUR-TA-10000577,41.7852,4
Houston,12,TEC-PH-10000486,41.7564,4
Beaumont,12,TEC-AC-10004171,95.9904,4
Oklahoma City,12,TEC-PH-10003811,134.3888,4
Rockford,12,OFF-PA-10004475,63.7536,4
Dublin,12,FUR-FU-10000087,19.0848,4
Port Arthur,12,OFF-PA-10004041,7.4,4
Whittier,12,TEC-PH-10001918,44.4768,4
Deltona,12,FUR-CH-10002439,13.9728,4
Philadelphia,12,TEC-CO-10001766,125.9972,4
Caldwell,12,OFF-PA-10002222,42.0256,4
Vancouver,12,TEC-AC-10001142,31.6,4
Portland,12,TEC-PH-10001051,35.9964,4
Superior,12,OFF-AR-10000203,4.9648,4
Providence,12,TEC-AC-10002049,742.632,4
Riverside,12,OFF-AP-10003040,34.9648,4
Hendersonville,12,FUR-FU-10000087,19.0848,4
New York City,12,TEC-MA-10001127,2239.9872,4
Warwick,12,TEC-CO-10002095,899.982,4
Omaha,12,TEC-PH-10001795,743.988,4
Anaheim,12,OFF-ST-10001526,125.1432,4
Virginia Beach,12,OFF-PA-10003641,48.5392,4
Chicago,12,TEC-AC-10000736,51.1936,4
Saint Louis,12,OFF-PA-10001972,12.4416,4
Norman,12,TEC-AC-10001772,24.9132,4
Hattiesburg,12,OFF-AP-10004540,89.7792,4
Cottage Grove,12,TEC-AC-10001267,47.92,4
Nashua,12,FUR-FU-10003142,6.5472,4
Marion,1,OFF-PA-10000176,45.528,5
San Antonio,1,TEC-PH-10002890,13.572,5
Woodbury,1,OFF-PA-10004082,19.95,5
West Palm Beach,1,OFF-AR-10004757,2.132,5
Roswell,1,TEC-AC-10003628,65.978,5
Wichita,1,OFF-PA-10000806,137.151,5
Springfield,1,OFF-SU-10002881,83.281,5
Amarillo,1,OFF-PA-10004621,9.072,5
Scottsdale,1,OFF-EN-10002504,36.693,5
Longview,1,FUR-FU-10000010,7.7035,5
Plainfield,1,OFF-PA-10000007,8.28,5
Great Falls,1,TEC-CO-10003236,1379.977,5
Colorado Springs,1,OFF-PA-10004041,9.25,5
Dallas,1,TEC-AC-10003198,84.66,5
Woodstock,2,OFF-BI-10004094,-13.7175,5
Torrance,2,OFF-AP-10000275,459.396,5
Lubbock,2,FUR-FU-10002396,-11.322,5
Philadelphia,2,TEC-AC-10003033,214.4675,5
Springfield,2,OFF-EN-10000056,146.2405,5
Arlington,2,TEC-MA-10001127,2799.984,5
Chicago,2,OFF-PA-10000418,146.79,5
Newark,2,OFF-EN-10003134,17.52,5
Waco,2,OFF-AR-10003087,0.712,5
Greenville,2,FUR-BO-10004709,5.798,5
Saint Petersburg,2,TEC-PH-10002890,13.572,5
Suffolk,2,OFF-PA-10002751,13.455,5
Milford,3,TEC-AC-10004469,87.89,5
Houston,3,TEC-CO-10002313,569.9905,5
Lafayette,3,OFF-PA-10004071,133.152,5
Andover,3,FUR-CH-10002647,88.725,5
Norman,3,TEC-AC-10003832,244.6155,5
Atlanta,3,OFF-BI-10003527,3177.475,5
Kenosha,3,TEC-PH-10003012,223.2855,5
Scottsdale,3,OFF-AP-10000326,17.766,5
Lakewood,3,FUR-FU-10004973,39.564,5
Brownsville,3,OFF-EN-10002230,113.3055,5
Pomona,3,OFF-LA-10001982,9.0,5
Miami,3,TEC-PH-10001530,85.2475,5
Covington,3,FUR-FU-10003832,13.132,5
Long Beach,3,OFF-AR-10001915,20.853,5
Auburn,3,OFF-LA-10003930,240.8595,5
Knoxville,3,OFF-LA-10004544,22.2,5
Anaheim,3,OFF-BI-10003876,64.2,5
Philadelphia,3,TEC-AC-10000474,47.495,5
Murray,3,OFF-AP-10004859,19.656,5
Louisville,4,OFF-ST-10000585,214.76,5
Dublin,4,FUR-TA-10001307,-69.89,5
Chattanooga,4,OFF-BI-10003669,-5.94,5
Cleveland,4,OFF-BI-10000174,-6.38,5
Seattle,4,OFF-BI-10003091,302.373,5
Atlanta,4,TEC-CO-10001449,1439.976,5
Phoenix,4,FUR-FU-10000023,7.068,5
San Gabriel,4,FUR-CH-10003973,148.704,5
Morristown,4,FUR-FU-10004018,20.1015,5
San Francisco,4,OFF-AP-10002651,419.8185,5
Aurora,4,OFF-AP-10003971,3.267,5
Charlotte,4,OFF-PA-10002666,11.325,5
Alexandria,4,OFF-SU-10002881,83.281,5
Bakersfield,4,OFF-BI-10000174,8.12,5
Bloomington,4,OFF-PA-10000289,15.552,5
Waterbury,4,OFF-ST-10003692,71.5375,5
Burlington,4,TEC-PH-10002555,336.635,5
Omaha,4,OFF-FA-10000134,9.0055,5
Sierra Vista,4,OFF-FA-10003112,9.8625,5
Columbia,4,TEC-PH-10003273,163.787,5
Milwaukee,4,FUR-CH-10000847,378.274,5
Hamilton,5,OFF-AP-10003842,9.294,5
Murray,5,OFF-PA-10002893,23.232,5
San Jose,5,TEC-PH-10001817,125.3,5
Vallejo,5,FUR-FU-10000576,272.792,5
Asheville,5,TEC-PH-10001530,85.2475,5
Harlingen,5,OFF-PA-10002036,9.396,5
Texarkana,5,TEC-AC-10002331,18.093,5
Tulsa,5,FUR-FU-10003664,138.417,5
Omaha,5,OFF-FA-10004395,1.1775,5
Memphis,5,OFF-PA-10001166,9.072,5
Chattanooga,5,FUR-FU-10004270,3.344,5
San Antonio,5,FUR-CH-10004754,-4.497,5
Auburn,5,FUR-FU-10004071,72.807,5
Montgomery,5,TEC-PH-10000984,274.386,5
Vineland,5,TEC-AC-10004859,34.96,5
Manchester,5,OFF-ST-10001328,21.714,5
Everett,5,OFF-PA-10000659,42.048,5
New York City,5,TEC-MA-10000488,1159.9855,5
Pocatello,5,OFF-ST-10000025,28.629,5
Detroit,5,FUR-CH-10002024,700.98,5
Paterson,5,OFF-PA-10002120,134.652,5
Lowell,6,OFF-ST-10003306,207.147,5
Dallas,6,OFF-ST-10001496,54.057,5
Pembroke Pines,6,TEC-PH-10000441,50.396,5
New York City,6,TEC-MA-10003673,1668.205,5
Fremont,6,OFF-BI-10003676,25.872,5
Cleveland,6,FUR-FU-10004415,2.464,5
Detroit,6,OFF-LA-10003930,240.8595,5
Meriden,6,OFF-AR-10003056,6.206,5
La Porte,6,FUR-FU-10000293,31.587,5
Providence,6,OFF-ST-10000617,1.043,5
Maple Grove,6,OFF-ST-10001291,22.8285,5
Toledo,6,OFF-AP-10002287,1.311,5
Chester,6,FUR-CH-10000454,0.0,5
Hempstead,6,OFF-EN-10003286,19.458,5
Mesa,6,OFF-EN-10001141,15.921,5
Quincy,6,OFF-AR-10001954,1.7115,5
Huntington Beach,7,TEC-CO-10001449,839.986,5
Lafayette,7,FUR-FU-10000293,31.587,5
Westland,7,OFF-ST-10001932,135.219,5
Provo,7,OFF-SU-10000952,12.432,5
Jacksonville,7,TEC-PH-10002824,51.4975,5
San Francisco,7,OFF-SU-10000151,327.506,5
South Bend,7,TEC-AC-10002253,124.68,5
Sparks,7,OFF-SU-10004261,24.998,5
Port Saint Lucie,7,FUR-BO-10004709,5.798,5
Hattiesburg,7,FUR-BO-10003546,126.225,5
San Jose,7,FUR-FU-10003039,73.321,5
Kenosha,7,TEC-AC-10000736,143.982,5
Sterling Heights,7,OFF-BI-10003655,8.93,5
Apple Valley,7,FUR-BO-10002613,210.735,5
Irving,7,OFF-PA-10001497,79.692,5
Charlotte,7,OFF-ST-10003816,26.4285,5
Los Angeles,7,TEC-CO-10003763,944.9865,5
Newark,7,TEC-AC-10002473,58.179,5
Roseville,7,OFF-EN-10003001,197.353,5
Elkhart,7,TEC-AC-10002550,11.1825,5
Manchester,7,OFF-PA-10001497,134.652,5
Pico Rivera,7,FUR-FU-10001588,62.737,5
Long Beach,7,TEC-PH-10003589,43.176,5
Mcallen,7,OFF-AR-10001953,15.393,5
Toledo,7,OFF-AP-10000026,27.4365,5
Portland,7,OFF-PA-10003641,34.294,5
Pasadena,7,FUR-FU-10003691,-9.88,5
Oxnard,7,OFF-AR-10002067,25.792,5
Lehi,7,TEC-CO-10000971,449.985,5
Watertown,8,OFF-BI-10003091,302.373,5
Richmond,8,OFF-PA-10003302,83.284,5
Dallas,8,TEC-PH-10004165,82.497,5
Hollywood,8,OFF-PA-10000312,29.692,5
Yucaipa,8,OFF-AR-10003156,13.208,5
Phoenix,8,TEC-PH-10002624,211.4955,5
Meriden,8,FUR-CH-10002335,294.671,5
Bristol,8,OFF-BI-10002432,11.891,5
Akron,8,TEC-AC-10000420,48.993,5
Davis,8,OFF-PA-10000019,15.552,5
Wilmington,8,OFF-BI-10003656,390.977,5
Los Angeles,8,OFF-ST-10001490,267.705,5
San Jose,8,OFF-PA-10001878,114.9385,5
Chicago,8,TEC-CO-10001046,874.9875,5
Westminster,8,OFF-AP-10002534,412.468,5
Charlotte,8,OFF-PA-10001790,67.256,5
Houston,8,OFF-PA-10004353,27.972,5
Columbia,8,FUR-CH-10002331,373.779,5
Fresno,8,OFF-BI-10002867,77.714,5
Concord,8,TEC-PH-10003601,247.485,5
Provo,9,FUR-TA-10003008,118.6575,5
Macon,9,FUR-FU-10002878,52.688,5
Hollywood,9,TEC-PH-10000526,38.396,5
Seattle,9,OFF-BI-10004600,459.9875,5
Lebanon,9,OFF-PA-10001033,59.4355,5
La Crosse,9,TEC-AC-10001908,174.9825,5
Bakersfield,9,OFF-LA-10004544,37.0,5
Santa Clara,9,OFF-BI-10004308,31.47,5
Hesperia,9,FUR-BO-10004467,19.998,5
Redmond,9,OFF-BI-10003476,8.022,5
San Francisco,9,TEC-CO-10003763,944.9865,5
Helena,9,OFF-ST-10002352,10.374,5
Saint Cloud,9,TEC-AC-10000990,275.478,5
Waukesha,9,OFF-ST-10000918,14.17,5
Pine Bluff,9,TEC-AC-10001114,63.984,5
Jonesboro,9,OFF-PA-10001357,114.96,5
Oswego,9,OFF-FA-10000936,4.1125,5
Florence,9,OFF-ST-10002214,14.677,5
Minneapolis,9,OFF-BI-10001120,4630.4755,5
Gresham,9,FUR-CH-10003973,148.704,5
Richmond,9,OFF-ST-10001476,47.9385,5
Cincinnati,9,TEC-AC-10003628,35.988,5
Mount Vernon,9,OFF-PA-10004996,24.2285,5
Coppell,9,OFF-AR-10001940,3.772,5
Tempe,9,OFF-ST-10001034,5.955,5
Lowell,9,OFF-ST-10000078,238.653,5
Pasco,9,FUR-CH-10000454,121.99,5
San Jose,9,OFF-ST-10000675,42.3625,5
Grand Rapids,9,OFF-BI-10004828,41.013,5
Clifton,9,FUR-FU-10001986,76.47,5
Santa Fe,9,OFF-AR-10001972,2.184,5
Wichita,9,TEC-PH-10003171,62.93,5
Baltimore,9,OFF-PA-10004243,45.528,5
Cary,9,OFF-AP-10001469,18.7695,5
Memphis,9,OFF-ST-10001418,-54.882,5
Chester,9,OFF-BI-10003476,-6.303,5
Moreno Valley,9,OFF-PA-10002606,11.88,5
Asheville,9,OFF-AR-10003158,2.786,5
Wilson,10,OFF-BI-10001757,-5.412,5
Sacramento,10,OFF-BI-10003527,1906.485,5
Tulsa,10,OFF-BI-10004654,14.425,5
Miami,10,TEC-PH-10000984,78.396,5
Grand Prairie,10,FUR-FU-10001756,-29.512,5
Tampa,10,OFF-BI-10001191,-26.733,5
Newark,10,FUR-CH-10002439,75.686,5
Orland Park,10,TEC-AC-10000844,67.992,5
Redmond,10,FUR-TA-10002607,-120.513,5
Montgomery,10,TEC-PH-10002352,362.687,5
Ann Arbor,10,TEC-AC-10002049,111.591,5
Little Rock,10,OFF-BI-10003364,70.008,5
Lansing,10,FUR-FU-10002671,32.16,5
Arlington,10,FUR-FU-10000246,18.33,5
Los Angeles,10,OFF-AP-10000275,459.396,5
Middletown,10,OFF-BI-10001078,13.181,5
Appleton,10,TEC-AC-10003033,544.4175,5
Mansfield,10,FUR-TA-10004607,-81.3065,5
Yuma,10,TEC-MA-10001148,-479.988,5
Fort Worth,10,TEC-CO-10002095,624.9875,5
Chico,10,FUR-FU-10004666,26.973,5
Rochester,10,FUR-FU-10003806,75.68,5
Thousand Oaks,10,OFF-LA-10003510,70.219,5
San Antonio,10,TEC-PH-10002824,51.4975,5
Lafayette,10,TEC-CO-10004722,8399.976,5
Lakewood,10,FUR-BO-10003404,129.294,5
Edmonds,10,FUR-TA-10002903,311.652,5
Richmond,10,OFF-BI-10003719,57.385,5
Pueblo,10,TEC-AC-10001553,0.8495,5
Beaumont,10,OFF-BI-10003676,-17.248,5
Cranston,10,FUR-CH-10002320,481.47,5
Wilmington,10,OFF-ST-10001328,21.714,5
Dearborn,11,OFF-AP-10000179,178.901,5
Concord,11,OFF-BI-10002437,22.156,5
San Diego,11,TEC-AC-10002842,95.2,5
Garland,11,OFF-LA-10001045,3.393,5
Greensboro,11,TEC-PH-10002483,118.9965,5
Naperville,11,TEC-AC-10003610,83.986,5
Athens,11,TEC-PH-10004006,55.647,5
Lake Elsinore,11,FUR-CH-10002647,17.745,5
Cary,11,OFF-AP-10004859,5.096,5
Helena,11,TEC-PH-10004908,42.495,5
Carlsbad,11,OFF-EN-10001990,13.348,5
Burlington,11,FUR-BO-10004834,1013.127,5
East Orange,11,OFF-PA-10000100,100.4255,5
Oceanside,11,TEC-AC-10002637,53.997,5
Hialeah,11,FUR-BO-10001619,8.498,5
Baltimore,11,FUR-FU-10000576,272.792,5
Ontario,11,FUR-CH-10003956,-46.137,5
Pasco,11,OFF-AP-10004540,112.224,5
Dublin,11,TEC-PH-10003442,1.375,5
Moorhead,11,FUR-CH-10004289,81.583,5
Oxnard,11,TEC-AC-10000682,29.0325,5
Tallahassee,11,OFF-PA-10003651,9.352,5
Bloomington,11,OFF-ST-10000675,42.3625,5
Round Rock,11,FUR-FU-10001468,-427.45,5
Eagan,11,OFF-ST-10001325,14.148,5
Bolingbrook,11,OFF-BI-10002571,-16.467,5
Virginia Beach,11,FUR-FU-10003806,75.68,5
Champaign,11,FUR-FU-10004904,-182.352,5
Minneapolis,11,OFF-ST-10000885,16.7875,5
Overland Park,11,OFF-BI-10000977,69.92,5
Oklahoma City,11,FUR-CH-10002073,383.931,5
Knoxville,11,FUR-FU-10004090,14.4495,5
Grand Prairie,12,TEC-PH-10004912,24.7275,5
Phoenix,12,OFF-PA-10004359,146.79,5
Milwaukee,12,FUR-CH-10001714,60.356,5
Denver,12,FUR-CH-10002335,68.001,5
Greenwood,12,FUR-CH-10003379,356.225,5
Olympia,12,FUR-CH-10002602,45.294,5
Kent,12,OFF-AP-10003281,6.045,5
Sunnyvale,12,TEC-AC-10000358,45.588,5
Ann Arbor,12,OFF-BI-10000666,76.4,5
Reading,12,FUR-FU-10004904,-30.392,5
Decatur,12,TEC-AC-10003198,184.26,5
Tulsa,12,OFF-BI-10004656,5.184,5
Tucson,12,OFF-PA-10000357,77.672,5
Cleveland,12,FUR-FU-10003096,8.7285,5
Seattle,12,FUR-TA-10001307,629.01,5
Albuquerque,12,OFF-ST-10003058,34.2925,5
Watertown,12,OFF-BI-10003656,220.987,5
North Las Vegas,12,OFF-ST-10000078,238.653,5
Sacramento,12,FUR-CH-10001854,70.196,5
Saint Paul,12,TEC-PH-10003555,2.299,5
Chesapeake,12,FUR-CH-10003846,80.784,5
Thousand Oaks,12,OFF-PA-10003883,15.065,5
Parker,12,FUR-FU-10000320,4.008,5
Apple Valley,12,FUR-CH-10001708,7.049,5
Lowell,12,TEC-PH-10004977,284.1855,5
Fargo,12,OFF-BI-10004040,12.691,5
Rochester,12,TEC-AC-10001539,143.982,5
Bossier City,1,TEC-AC-10003174,258.696,6
Las Vegas,1,OFF-PA-10001804,19.2384,6
Jacksonville,1,TEC-AC-10001714,40.6878,6
Franklin,1,FUR-BO-10002545,407.1288,6
Washington,1,OFF-PA-10001804,19.2384,6
Morristown,1,OFF-FA-10003472,0.3024,6
Mount Pleasant,1,FUR-CH-10000422,87.3504,6
Rancho Cucamonga,1,OFF-PA-10004735,18.6624,6
Houston,2,OFF-AR-10000937,52.632,6
Los Angeles,2,OFF-AP-10001391,157.0176,6
Green Bay,2,TEC-AC-10001432,206.316,6
Altoona,2,OFF-AR-10002257,2.2044,6
Atlanta,2,OFF-ST-10003716,175.5156,6
Decatur,2,TEC-AC-10001908,89.991,6
Dover,2,OFF-PA-10002751,16.146,6
Clinton,3,OFF-ST-10002406,25.1496,6
Albuquerque,3,OFF-PA-10001815,138.3552,6
El Paso,3,FUR-CH-10001270,0.0,6
San Bernardino,3,OFF-PA-10002749,19.6686,6
Redwood City,3,OFF-BI-10003291,14.1426,6
Tulsa,3,FUR-CH-10004495,523.7052,6
Colorado Springs,4,FUR-CH-10004287,149.148,6
Spokane,4,TEC-AC-10001767,26.3934,6
Pasadena,4,OFF-BI-10003638,30.186,6
Auburn,4,OFF-AR-10001953,71.2476,6
Columbus,4,FUR-FU-10002937,297.69,6
Great Falls,4,TEC-AC-10003399,91.3248,6
Monroe,4,TEC-AC-10003116,41.535,6
New Albany,4,OFF-LA-10002762,35.3346,6
Hesperia,4,OFF-BI-10004593,81.744,6
Austin,4,TEC-PH-10001835,265.4232,6
Dearborn Heights,4,OFF-ST-10000991,20.6946,6
Lancaster,4,OFF-PA-10002421,37.9176,6
San Antonio,4,TEC-AC-10002402,47.994,6
Los Angeles,5,TEC-CO-10001046,1049.985,6
Naperville,5,OFF-BI-10001249,-13.0152,6
Rockford,5,OFF-PA-10004733,13.7808,6
Cuyahoga Falls,5,FUR-FU-10001852,1.2528,6
Delray Beach,5,OFF-ST-10000532,13.8528,6
Chula Vista,5,FUR-FU-10002298,106.5408,6
Springfield,5,TEC-AC-10003033,653.301,6
Austin,5,OFF-ST-10001490,107.082,6
Henderson,5,FUR-TA-10003392,320.3172,6
Norwich,5,FUR-FU-10001935,9.102,6
Superior,5,OFF-PA-10000994,301.968,6
Mission Viejo,5,TEC-AC-10004518,46.8,6
Louisville,6,TEC-AC-10004114,56.5662,6
Frisco,6,FUR-FU-10002501,-17.4432,6
Pasadena,6,OFF-PA-10000241,83.646,6
Troy,6,OFF-ST-10000604,52.14,6
Dublin,6,TEC-AC-10001606,107.9892,6
Orem,6,FUR-FU-10000246,21.996,6
Lawton,6,OFF-AP-10001005,155.727,6
Salinas,6,OFF-PA-10001870,18.6624,6
San Francisco,6,FUR-FU-10002253,100.4796,6
Parma,6,OFF-PA-10001639,10.8864,6
San Mateo,7,OFF-LA-10002762,35.3346,6
Macon,7,OFF-PA-10000019,18.6624,6
Yuma,7,OFF-BI-10001658,-35.8848,6
Lancaster,7,OFF-PA-10002246,11.223,6
Lakeville,7,FUR-CH-10002304,38.97,6
New York City,8,OFF-BI-10001359,1453.1238,6
Milwaukee,8,OFF-AP-10002472,54.558,6
Covington,9,OFF-AP-10000576,66.3264,6
Georgetown,9,OFF-BI-10000315,54.6912,6
Tulsa,9,FUR-FU-10004665,213.6888,6
Odessa,9,FUR-CH-10004698,-9.7176,6
Nashua,9,OFF-FA-10001843,6.9654,6
Franklin,9,OFF-ST-10003208,315.7404,6
Fairfield,9,OFF-AP-10003217,59.6556,6
Clarksville,9,OFF-AP-10000696,11.2476,6
Lafayette,9,FUR-CH-10001270,155.25,6
Saint Paul,9,OFF-AP-10000358,22.5852,6
Toledo,9,OFF-LA-10000443,5.9778,6
Broken Arrow,9,TEC-PH-10004120,213.7044,6
Milwaukee,10,OFF-BI-10000301,19.41,6
Texarkana,10,FUR-CH-10004626,145.2816,6
Chicago,10,TEC-PH-10001363,341.994,6
Huntsville,10,TEC-PH-10001128,71.9952,6
Hollywood,11,OFF-PA-10002986,11.2224,6
Tempe,11,TEC-AC-10004227,-10.9116,6
Danville,11,OFF-BI-10003718,206.6232,6
Marietta,11,OFF-ST-10003805,315.825,6
Troy,11,OFF-PA-10002787,10.8864,6
Watertown,11,OFF-ST-10003996,25.0536,6
New York City,11,TEC-MA-10000045,3343.536,6
Hagerstown,11,OFF-BI-10000050,20.586,6
Noblesville,11,FUR-TA-10001950,241.1046,6
Laguna Niguel,11,OFF-PA-10002377,15.336,6
Lebanon,11,OFF-ST-10003572,6.372,6
Madison,11,OFF-ST-10004186,13.3176,6
Brentwood,11,OFF-AP-10000240,93.0552,6
Wilmington,11,FUR-BO-10000362,235.9524,6
Palm Coast,11,OFF-BI-10002976,-5.6994,6
Chicago,11,TEC-PH-10001580,56.6916,6
Wausau,11,OFF-AP-10001293,68.8464,6
Lincoln Park,11,OFF-AP-10003842,29.7408,6
Arlington Heights,11,OFF-AR-10003394,1.2348,6
Kent,11,OFF-AP-10002998,16.8948,6
Skokie,12,OFF-AR-10002987,24.9984,6
Fort Worth,12,TEC-PH-10001817,150.36,6
Brentwood,12,OFF-LA-10003923,44.4,6
Mesa,12,OFF-ST-10004950,-1.2588,6
Wichita,12,FUR-FU-10000672,23.9904,6
Huntsville,12,OFF-PA-10000994,301.968,6
Aurora,12,OFF-PA-10001289,67.4424,6
Newark,12,TEC-AC-10002049,607.608,6
Deer Park,12,OFF-BI-10004654,-10.386,6
Pasadena,12,FUR-FU-10004864,122.7648,6
Lorain,12,TEC-AC-10002567,76.7904,6
Beverly,12,OFF-AP-10002651,503.7822,6
Akron,12,OFF-FA-10000621,6.2292,6
Los Angeles,12,TEC-CO-10001449,1007.9832,6
Daytona Beach,12,TEC-AC-10003237,14.628,6
Cranston,12,OFF-ST-10000036,160.0398,6
Lakewood,12,FUR-FU-10004270,9.0288,6
Roswell,12,TEC-AC-10001553,21.4074,6
Reno,1,OFF-BI-10003984,53.9217,7
Columbus,1,TEC-PH-10001459,764.3818,7
Tuscaloosa,1,OFF-BI-10004728,15.5204,7
Broken Arrow,1,FUR-TA-10000617,350.427,7
Johnson City,1,OFF-PA-10000019,12.7008,7
Park Ridge,1,FUR-FU-10002918,-312.0614,7
San Diego,1,FUR-CH-10000785,76.0116,7
Hoover,1,OFF-AR-10001547,4.1769,7
Roswell,2,OFF-AP-10002518,361.2994,7
Santa Barbara,2,OFF-AP-10003287,99.9012,7
Linden,2,TEC-AC-10000710,49.6048,7
Perth Amboy,2,OFF-AR-10003903,74.5654,7
Tulsa,2,TEC-PH-10004897,0.6993,7
Jackson,2,OFF-AR-10002240,68.6868,7
Tampa,3,FUR-CH-10002965,98.4802,7
Riverside,3,OFF-BI-10001036,19.194,7
New Castle,3,OFF-AP-10002222,16.3863,7
Harlingen,3,OFF-AR-10001044,16.3737,7
Gulfport,3,FUR-FU-10003691,38.038,7
Yonkers,3,TEC-MA-10003979,2400.9657,7
Milwaukee,3,FUR-CH-10004675,427.4368,7
Bryan,3,OFF-BI-10004233,-35.8176,7
Newark,3,OFF-BI-10001071,219.4514,7
Odessa,3,OFF-PA-10001892,15.5092,7
Lowell,3,TEC-PH-10004700,32.1678,7
Springfield,3,TEC-PH-10000730,909.9818,7
Plantation,3,TEC-AC-10002567,89.5888,7
Nashville,4,OFF-PA-10003022,40.0036,7
Athens,4,TEC-PH-10001128,293.9804,7
Henderson,4,TEC-PH-10000526,188.1404,7
Grapevine,4,OFF-AR-10001221,5.8604,7
Lakewood,4,TEC-MA-10001047,2365.9818,7
Tinley Park,5,FUR-FU-10001940,-8.9152,7
Knoxville,5,OFF-PA-10001526,10.1094,7
Scottsdale,5,FUR-FU-10002759,22.3776,7
Orem,5,FUR-BO-10004357,140.686,7
Santa Ana,5,TEC-AC-10001838,601.9699,7
Dover,5,FUR-FU-10000076,60.1398,7
Virginia Beach,5,OFF-BI-10003925,1276.4871,7
Indianapolis,5,OFF-AR-10001897,35.2604,7
Houston,5,TEC-PH-10002922,118.293,7
Waterbury,5,OFF-SU-10000381,18.8993,7
Appleton,5,OFF-LA-10002195,10.3488,7
Danville,5,OFF-BI-10001575,-69.3952,7
Salem,5,OFF-AR-10003514,9.1938,7
Chester,5,OFF-EN-10000927,62.8075,7
Yuma,5,TEC-AC-10003832,48.7011,7
Colorado Springs,5,OFF-BI-10003638,-32.508,7
Pasadena,5,TEC-PH-10003437,52.493,7
Glendale,6,TEC-AC-10002006,12.3123,7
Pueblo,6,OFF-BI-10001116,-8.1312,7
Highland Park,6,OFF-PA-10000575,12.1758,7
Aurora,6,TEC-PH-10002070,15.743,7
Thousand Oaks,6,OFF-AR-10001231,4.116,7
Wilmington,6,OFF-PA-10001144,108.7408,7
Little Rock,6,TEC-PH-10002563,229.3018,7
Lakewood,6,TEC-PH-10004539,357.1911,7
Saint Petersburg,6,OFF-PA-10002581,54.215,7
Chicago,6,OFF-PA-10001970,113.6394,7
Cincinnati,6,OFF-AR-10003405,3.6855,7
Springfield,6,OFF-AR-10004260,50.9208,7
Jonesboro,6,OFF-BI-10002353,54.04,7
Franklin,6,FUR-FU-10002960,9.6712,7
Harrisonburg,6,FUR-TA-10004534,245.021,7
Lakeville,6,FUR-CH-10004063,580.5394,7
Missouri City,6,OFF-BI-10002557,-9.555,7
Cleveland,7,OFF-ST-10000136,25.011,7
Houston,7,OFF-PA-10001878,92.4399,7
Hialeah,7,OFF-SU-10004664,5.1282,7
New York City,7,TEC-AC-10003033,762.1845,7
Draper,7,TEC-AC-10002006,34.6983,7
Apopka,7,OFF-EN-10000781,16.5186,7
Sandy Springs,7,FUR-BO-10004695,291.3778,7
Mount Vernon,7,OFF-ST-10002615,282.2092,7
Miami,8,TEC-AC-10002473,41.7186,7
Carrollton,8,TEC-AC-10004145,52.4979,7
Lakeville,8,OFF-FA-10002280,16.8,7
Huntsville,8,OFF-AR-10000538,59.115,7
Lawrence,8,OFF-BI-10001718,210.4942,7
San Francisco,8,FUR-BO-10002545,200.9546,7
Peoria,8,OFF-PA-10001937,12.7008,7
Lakewood,8,OFF-BI-10002854,98.105,7
Austin,8,OFF-PA-10003729,12.7008,7
Greensboro,8,OFF-AR-10001446,8.085,7
Florence,8,TEC-MA-10000864,1416.8,7
Lakeland,8,FUR-TA-10002533,-255.5875,7
Arlington,8,OFF-ST-10001490,124.929,7
Jackson,9,TEC-AC-10004666,829.3754,7
Houston,9,TEC-PH-10001760,376.11,7
Mobile,9,FUR-CH-10004853,306.4894,7
Stockton,9,OFF-PA-10002222,73.5448,7
Rockford,9,OFF-AR-10004602,12.8744,7
Atlanta,9,OFF-PA-10001712,31.4685,7
Detroit,9,FUR-CH-10004875,134.5302,7
Durham,9,OFF-EN-10000927,62.8075,7
Los Angeles,9,OFF-BI-10004390,884.058,7
Columbus,9,FUR-CH-10000015,394.212,7
Spokane,9,OFF-ST-10002370,43.4217,7
Fort Lauderdale,9,TEC-PH-10003505,58.464,7
Portland,9,TEC-AC-10002926,80.4839,7
Oceanside,9,TEC-MA-10002859,296.0671,7
Clinton,9,TEC-PH-10000895,327.5818,7
Huntsville,9,FUR-BO-10000780,-225.0976,7
Middletown,9,OFF-PA-10002713,22.1536,7
Broomfield,9,FUR-FU-10000246,8.554,7
Buffalo Grove,9,TEC-AC-10000844,95.1888,7
Lodi,9,OFF-SU-10000898,28.217,7
Phoenix,10,FUR-FU-10003724,3.5154,7
Henderson,10,FUR-FU-10001918,12.9129,7
League City,10,OFF-AR-10004344,5.8751,7
Scottsdale,10,OFF-PA-10000062,111.5688,7
Albuquerque,10,OFF-AR-10000937,112.574,7
Houston,10,OFF-PA-10000726,15.9425,7
The Colony,10,OFF-EN-10003862,19.4194,7
Virginia Beach,10,OFF-EN-10002831,113.211,7
Columbia,10,OFF-AP-10003057,751.7601,7
Tallahassee,10,OFF-PA-10001685,20.5842,7
Springfield,10,OFF-BI-10002082,116.48,7
Lakewood,11,OFF-AR-10001860,7.7728,7
Hampton,11,OFF-AR-10000380,79.758,7
Memphis,11,OFF-EN-10003448,24.318,7
Edmond,11,TEC-PH-10004536,236.2325,7
Saint Louis,11,TEC-AC-10001772,43.5981,7
Mesquite,11,TEC-AC-10003709,1.6632,7
San Bernardino,11,OFF-PA-10004610,13.482,7
Fairfield,11,TEC-PH-10001079,233.2204,7
Avondale,11,OFF-SU-10001664,3.5994,7
Jamestown,11,TEC-PH-10002885,1228.1787,7
Warner Robins,11,OFF-AR-10004999,10.465,7
Provo,11,OFF-PA-10003016,9.891,7
Medina,11,TEC-PH-10001552,-10.0464,7
Toledo,11,FUR-FU-10002960,9.6712,7
Lancaster,11,OFF-PA-10000675,83.2097,7
Phoenix,11,OFF-ST-10002974,30.499,7
San Francisco,11,OFF-PA-10003395,352.296,7
Thomasville,11,OFF-SU-10000381,5.8653,7
Alexandria,11,OFF-FA-10000624,12.53,7
Modesto,11,TEC-AC-10001772,43.5981,7
Harrisonburg,12,FUR-TA-10001932,493.7856,7
Oak Park,12,OFF-AR-10000823,1.0192,7
Corpus Christi,12,OFF-AR-10000940,1.4406,7
Oakland,12,OFF-ST-10003306,290.0058,7
Reno,12,TEC-PH-10004908,59.493,7
Palatine,12,TEC-AC-10001284,23.2624,7
Springfield,12,TEC-CO-10003763,2302.9671,7
Miami,12,OFF-PA-10002986,13.0928,7
Thornton,12,TEC-AC-10001539,89.5888,7
Richardson,12,TEC-PH-10004977,123.4737,7
Hempstead,12,OFF-BI-10004318,314.8418,7
Toledo,12,TEC-PH-10003072,94.4937,7
Concord,12,OFF-PA-10003656,84.9436,7
Richmond,12,OFF-AP-10002945,694.5015,7
Santa Ana,12,OFF-LA-10001613,9.8784,7
Bartlett,1,OFF-SU-10000898,10.008,8
San Francisco,1,OFF-BI-10004584,682.5168,8
Philadelphia,1,OFF-AP-10002945,312.676,8
Moreno Valley,1,OFF-PA-10003790,84.0512,8
Minneapolis,2,OFF-AP-10004785,38.9752,8
New York City,3,OFF-BI-10003656,353.5792,8
Los Angeles,3,TEC-AC-10000990,440.7648,8
Columbus,3,OFF-AP-10001124,168.4384,8
Washington,4,TEC-MA-10004212,648.5624,8
Detroit,4,OFF-BI-10002867,219.9904,8
Fayetteville,4,FUR-BO-10003433,-32.2192,8
Troy,4,OFF-EN-10004773,121.4416,8
Raleigh,4,FUR-FU-10000206,6.2856,8
Decatur,4,FUR-TA-10001086,316.1392,8
Milford,4,OFF-PA-10003797,24.8832,8
San Diego,5,OFF-AR-10003514,10.5072,8
Pompano Beach,5,FUR-FU-10001935,6.216,8
Mansfield,5,OFF-PA-10003848,14.5152,8
Minneapolis,5,FUR-CH-10002320,770.352,8
Jackson,5,OFF-BI-10001718,240.5648,8
Frankfort,5,OFF-AP-10000358,-52.9584,8
Concord,5,FUR-FU-10001185,101.4504,8
Jacksonville,6,OFF-ST-10003805,84.22,8
Indianapolis,6,OFF-AP-10002945,793.716,8
Wheeling,6,OFF-PA-10001970,219.4416,8
Pomona,6,OFF-AR-10002135,111.824,8
Huntington Beach,6,OFF-AR-10004344,25.8984,8
Nashville,6,TEC-PH-10000560,223.9936,8
Mishawaka,6,FUR-CH-10000225,32.392,8
Yonkers,7,TEC-PH-10002660,135.98,8
Jackson,7,FUR-TA-10004915,388.8128,8
Tucson,7,TEC-AC-10003911,179.1888,8
Kent,7,OFF-LA-10003930,385.3752,8
Huntsville,7,OFF-PA-10000520,14.5152,8
Mesa,8,FUR-FU-10004973,33.1584,8
Roseville,8,OFF-LA-10000305,23.184,8
Cincinnati,8,OFF-BI-10004099,-12.288,8
Gresham,8,OFF-BI-10000088,-18.4464,8
Edinburg,8,OFF-PA-10004665,30.392,8
Lancaster,8,OFF-AP-10000938,64.6272,8
Long Beach,9,FUR-CH-10002320,256.784,8
Montgomery,9,FUR-FU-10001731,8.1168,8
Newport News,9,TEC-CO-10001943,751.9624,8
Louisville,10,OFF-ST-10002974,104.568,8
Auburn,10,OFF-PA-10002250,22.5408,8
Avondale,10,TEC-PH-10000486,83.5128,8
Muskogee,10,TEC-PH-10000895,374.3792,8
Salt Lake City,10,OFF-PA-10001509,32.936,8
Lorain,10,FUR-TA-10003954,-734.5264,8
Summerville,11,OFF-BI-10001597,157.3632,8
Mobile,11,TEC-MA-10000010,1459.2,8
Rockford,11,OFF-BI-10001524,-53.7088,8
Eugene,11,OFF-LA-10003930,228.0792,8
Canton,11,OFF-BI-10001543,138.2016,8
La Porte,11,OFF-EN-10002831,129.384,8
Decatur,11,TEC-AC-10000927,23.992,8
Plainfield,11,TEC-MA-10004255,118.3704,8
Morristown,11,OFF-AP-10000275,735.0336,8
Memphis,12,OFF-EN-10000461,18.8784,8
Moreno Valley,12,FUR-FU-10000277,202.2528,8
Louisville,12,FUR-CH-10002602,314.0384,8
Washington,12,OFF-AR-10000034,13.2288,8
College Station,12,OFF-PA-10004519,10.3936,8
Visalia,12,TEC-AC-10003709,3.4848,8
Franklin,12,FUR-CH-10000454,585.552,8
Charlotte,12,TEC-AC-10004469,76.704,8
Woodstock,12,FUR-CH-10004853,-12.0784,8
Madison,12,FUR-CH-10001854,673.8816,8
Colorado Springs,12,FUR-FU-10004091,78.8592,8
Gilbert,12,OFF-AR-10002671,111.3024,8
Marion,12,OFF-BI-10001107,54.4448,8
Henderson,1,FUR-CH-10004063,746.4078,9
Fresno,1,TEC-PH-10002726,141.723,9
New York City,1,TEC-AC-10002800,157.4685,9
Wilmington,2,FUR-CH-10001708,266.4522,9
Smyrna,2,OFF-PA-10001289,170.9316,9
Milwaukee,2,OFF-AP-10001205,137.2896,9
Columbus,2,OFF-EN-10003286,35.0244,9
Rogers,3,OFF-BI-10000829,18.5886,9
Carrollton,3,OFF-FA-10003485,6.1308,9
Baltimore,4,FUR-CH-10004218,227.205,9
New York City,4,FUR-CH-10000454,439.164,9
Rome,4,OFF-AR-10000614,8.3538,9
Midland,5,OFF-BI-10001249,26.4132,9
Greensboro,5,FUR-CH-10002304,11.691,9
Newark,5,OFF-BI-10002082,149.76,9
Dallas,5,OFF-PA-10003591,30.996,9
Gulfport,5,OFF-EN-10004955,23.8581,9
Seattle,5,OFF-PA-10003228,206.8893,9
Las Vegas,5,TEC-PH-10004094,70.1955,9
Chicago,5,TEC-PH-10004165,148.4946,9
Atlanta,5,FUR-BO-10004695,374.6286,9
Concord,6,OFF-AR-10002766,1.7514,9
Denver,6,TEC-AC-10001990,64.7892,9
Buffalo,6,FUR-CH-10004997,169.182,9
Milford,6,FUR-BO-10002598,185.2578,9
Spokane,6,OFF-ST-10004963,5.4504,9
Santa Barbara,6,TEC-PH-10001459,226.7946,9
Roseville,6,OFF-PA-10000357,180.7659,9
Arlington,7,TEC-PH-10004345,107.955,9
Concord,7,TEC-PH-10002549,121.9644,9
Montgomery,7,OFF-EN-10001335,49.23,9
Troy,7,OFF-AR-10002656,22.2444,9
Columbia,7,OFF-PA-10001461,28.8576,9
Farmington,7,FUR-FU-10003708,114.6285,9
Auburn,7,OFF-FA-10000936,13.3245,9
Baltimore,7,OFF-EN-10000483,63.135,9
Columbus,8,TEC-PH-10003645,378.1674,9
Suffolk,8,FUR-FU-10001591,46.116,9
Seattle,8,OFF-BI-10003925,942.8157,9
Brentwood,8,OFF-AP-10001058,654.7554,9
Santa Fe,8,TEC-AC-10001635,18.504,9
New Bedford,8,OFF-BI-10002412,23.49,9
Indianapolis,8,OFF-LA-10003498,66.6,9
Jonesboro,8,FUR-BO-10000711,172.4814,9
Baltimore,8,OFF-AP-10001492,20.1708,9
Denver,8,OFF-PA-10001125,69.705,9
Salt Lake City,9,OFF-BI-10002794,106.9578,9
Providence,9,OFF-ST-10001490,481.869,9
Redlands,9,OFF-AR-10004648,48.9645,9
Jacksonville,9,TEC-AC-10003198,152.388,9
Lawrence,9,OFF-AP-10002439,166.0698,9
Revere,9,OFF-PA-10003039,125.469,9
Tigard,9,OFF-PA-10000380,22.518,9
Everett,10,FUR-CH-10000749,260.6112,9
Providence,10,TEC-CO-10001449,2591.9568,9
Charlotte,11,TEC-PH-10004434,110.1195,9
Houston,11,OFF-EN-10003001,204.0714,9
Detroit,11,FUR-CH-10002880,121.7601,9
Nashville,11,OFF-PA-10001019,48.5514,9
Henderson,11,TEC-AC-10004145,517.4793,9
Bellingham,11,FUR-TA-10003954,239.9058,9
Conroe,11,OFF-ST-10004950,6.9795,9
Jackson,11,FUR-TA-10001095,329.4081,9
Hialeah,12,FUR-CH-10000988,101.3832,9
Stockton,12,FUR-FU-10003394,107.0388,9
Dover,12,TEC-AC-10004145,517.4793,9
Park Ridge,12,OFF-PA-10001019,48.5514,9
San Diego,12,FUR-CH-10003973,267.6672,9
Inglewood,12,OFF-PA-10003651,28.8576,9
Raleigh,12,TEC-PH-10003811,86.3928,9
Mesa,4,TEC-PH-10004614,34.5,10
Lawrence,4,TEC-PH-10001300,58.66,10
Sparks,5,TEC-MA-10000112,179.73,10
Bellingham,6,TEC-AC-10004975,362.835,10
San Antonio,6,OFF-PA-10002606,13.2,10
Quincy,7,TEC-AC-10003590,93.204,10
Raleigh,7,FUR-FU-10000076,45.954,10
Long Beach,8,OFF-AR-10004062,26.2,10
Dubuque,9,FUR-CH-10000988,394.268,10
Lakeville,11,OFF-AR-10001026,9.68,10
Grove City,11,TEC-PH-10000011,15.992,10
Fort Lauderdale,11,TEC-AC-10004171,239.976,10
Long Beach,11,FUR-CH-10004983,209.274,10
Everett,11,OFF-PA-10004243,91.056,10
Long Beach,1,OFF-ST-10000760,44.5962,11
Arlington,4,OFF-PA-10001569,34.2144,11
Vacaville,8,OFF-ST-10000532,110.0528,11
Lake Charles,8,OFF-BI-10000632,219.6546,11
Fairfield,8,OFF-ST-10001837,122.2936,11
Las Vegas,9,OFF-BI-10004040,16.5242,11
Trenton,10,FUR-FU-10003577,56.7864,11
Gastonia,4,TEC-AC-10004659,131.382,12
San Francisco,5,TEC-PH-10000486,125.2692,12
Arlington,9,TEC-PH-10002496,561.564,12
Marysville,10,OFF-FA-10001883,0.9336,12
Columbia,11,OFF-ST-10003208,631.4808,12
Long Beach,12,OFF-PA-10000575,36.9288,12
Fresno,12,FUR-TA-10003473,135.4068,12
Henderson,12,OFF-BI-10000977,167.808,12
Burlington,1,OFF-ST-10001526,406.7154,13
Pueblo,5,OFF-AP-10004487,84.5728,13
Atlanta,7,OFF-LA-10002762,76.5583,13
Woodstock,8,TEC-AC-10000023,98.1396,13
Bangor,8,OFF-PA-10004353,124.6752,13
Tallahassee,8,TEC-PH-10001459,327.5922,13
San Diego,9,TEC-AC-10003832,636.0003,13
Detroit,12,OFF-BI-10000545,4946.37,13
Alexandria,1,FUR-FU-10001473,69.1992,14
Redondo Beach,4,TEC-PH-10001557,94.0702,14
Philadelphia,8,TEC-AC-10001908,209.979,14
Omaha,9,FUR-FU-10003664,387.5676,14
San Francisco,10,OFF-AP-10002684,510.636,14
Salinas,10,OFF-LA-10003510,196.6132,14
Rockford,10,FUR-CH-10002304,-18.186,14
Florence,12,FUR-CH-10000513,163.7874,14
Louisville,7,OFF-BI-10000069,103.56899999999999,15
Jackson,3,OFF-PA-10001954,168.1024,16
